Id,Hazard
49027,1.6575618
94782,4.0820937
61152,2.144148
100703,4.5579104
86064,3.753564
68633,1.6455369
1814,2.6766253
91704,12.199516
85703,2.3970704
101778,2.5590382
47140,1.4775231
32117,6.2036033
28480,2.248133
20011,4.8072677
45704,2.306117
12414,1.313093
46784,6.3272657
9475,4.372714
51435,2.827729
89508,2.3528616
66627,5.5085316
51674,2.2214649
91269,6.13412
77262,3.2147398
40018,3.0182333
33712,0.9446802
32760,1.6280596
32403,1.7037988
51048,2.2787902
57299,4.1772895
9741,2.101649
49689,4.0228643
17274,2.2714536
40175,2.3721287
61664,1.5762005
63460,2.8800979
35934,2.3040671
91470,1.3309152
9359,1.4129632
86243,1.6838689
75850,2.5164878
93034,8.159351
73110,5.2544036
17593,6.177663
29347,2.186062
1807,2.2488194
39364,1.9612076
35239,3.7036285
8224,1.879226
15464,2.3924544
58130,1.8472037
19214,1.0849516
58734,2.6482317
29435,2.434307
75290,2.2334476
17557,5.233635
69637,2.9642544
91609,1.1814795
70848,1.4423013
52359,7.454484
99532,5.540968
98816,5.217259
39597,1.2692668
15243,3.1653304
65390,6.0340157
83865,3.2582316
9198,4.8453016
59076,3.894754
50033,3.5311508
59565,3.1850567
15462,1.983932
88732,2.7022333
89107,1.418263
42924,1.848418
83326,3.201644
76801,4.1008325
95114,1.5169187
15186,1.9622178
14375,2.0863974
5322,1.821245
86814,5.220009
65520,3.6250906
72419,1.5525482
38704,4.9858246
32120,5.3096733
52719,7.7113676
80471,2.0501518
21685,1.5379422
70086,1.8619573
65484,2.1162536
93855,4.7124147
77333,1.089436
97117,3.4451814
22,1.8673937
1538,2.9111583
50350,2.438369
23389,1.9730568
44507,1.1328208
9607,3.0676389
60414,5.1429057
39756,1.8780344
65438,1.3480089
14916,2.0229838
97126,1.3197622
50845,2.181799
57143,4.94654
12537,2.4158292
42985,3.2872677
72994,2.856485
42393,2.357019
10049,2.0458682
44014,4.6379395
18537,1.3247547
29336,12.199516
58608,3.3505378
76502,1.693661
80372,2.9632905
100932,3.7181144
69485,1.3712339
24841,2.5237877
2273,1.4917147
9357,2.0484426
33506,1.4864814
58513,2.683104
71272,2.0964615
44890,1.4168591
33813,2.1389456
74132,2.6246808
46954,1.7151184
25669,2.6424825
90791,4.563182
80299,1.8923943
64646,1.647517
18380,1.2275665
91142,6.267904
67366,2.249737
74355,1.5871732
27018,1.4321184
80132,1.7869868
8442,2.0285804
81962,2.4726996
61359,1.598676
98534,1.3757913
8698,5.2993765
95462,3.4167585
99909,2.4868097
24538,1.5529132
33097,2.2050943
49249,2.6782272
23347,2.4293337
98150,1.9363832
21789,3.5351315
48625,2.9848
87398,2.8833587
90433,3.927052
88830,1.4080215
17190,2.231716
78835,1.6040208
14051,6.6899414
37898,2.400569
90146,2.906956
88192,2.816007
5201,2.7571523
68010,2.315621
7420,1.3729668
18211,3.6334953
77472,5.3876247
92653,5.333883
93894,5.599894
19216,1.9068971
4692,1.0128243
73044,8.926758
51642,5.0765657
11187,3.9931622
31598,3.0094156
15340,2.0753815
73247,3.1426644
26011,2.8491206
90860,3.7727947
3463,2.3484488
8878,2.0517066
53834,6.393273
71403,1.9770665
20874,1.5632844
22409,1.3706217
84713,4.1557193
59995,1.608185
8152,2.3340228
59869,1.7044704
66613,4.2819343
79058,6.159402
10508,5.70674
57417,2.6321728
7103,2.2571774
30953,1.3179977
59477,3.5933847
22775,1.946475
25219,3.4420085
101727,4.280715
78901,2.1021173
44924,2.4410508
50220,4.603105
101659,2.230397
51474,4.8423133
75512,3.385953
91214,5.721044
25352,4.1559887
27727,1.4080215
36452,2.6144962
34772,1.9371259
19799,3.3798985
6715,3.002325
46580,2.1166065
13312,2.3181973
28663,1.207331
76453,2.0653934
3680,4.362199
90931,3.4147468
87441,3.8050103
40273,2.4441764
22280,1.2223806
73032,2.159854
71839,1.3130739
53381,2.0327497
10184,5.8627877
58430,2.0313883
13909,1.5524855
55915,4.8042917
20623,1.688355
59629,2.6719298
1751,1.4609883
40662,4.600445
100495,2.504361
20007,2.1068301
1437,1.4539533
65682,1.9803519
16276,2.6378386
19050,2.500438
85533,3.7281747
76903,2.9671054
63753,1.9269907
50190,6.5660954
61578,3.2691102
40313,2.5413136
4254,1.7869868
30571,1.4082127
4959,3.3303661
30769,1.8429012
83316,4.067012
63781,4.7054887
65407,2.3230503
100702,2.8730855
77970,1.7769408
17108,1.6145496
45535,7.1330967
87470,6.5195236
4552,1.9221284
25061,5.217259
89175,3.431714
43879,2.7993238
61400,3.8149266
99928,1.8300397
65421,4.410402
74257,1.779536
16719,1.1279118
96528,7.8776045
21974,1.7644379
5073,4.467795
58159,2.8491206
17219,2.8299582
23755,2.1006756
70293,1.5941255
92333,2.1016572
29395,2.0122836
56143,3.5977392
48713,2.027378
98301,3.090088
32976,2.3833492
1134,1.7192876
2728,3.5530777
31338,1.9080832
24053,5.493554
55713,1.0338929
81956,7.717781
54312,2.1389456
24081,1.554625
19543,1.6998172
22831,1.3345263
18027,1.0963769
77975,2.5716696
36075,1.9928164
68919,3.3342237
100529,5.4208803
97804,4.6723843
91095,2.9790068
11012,1.952712
69309,1.671135
82696,2.5273633
84857,1.6941867
97495,2.322275
57114,1.7302191
25702,2.2893338
91198,2.0245886
92339,2.056629
82182,3.5100188
14551,3.4597044
38623,3.288196
85374,6.6068807
74908,2.3957942
67400,4.924665
47098,1.9164336
94583,3.9499946
5390,1.1947556
67277,6.943963
11252,1.5605855
73173,2.8044472
8526,5.631868
53222,3.201644
96712,12.199516
91735,3.7523365
18106,1.9668505
101297,4.6987705
79306,2.3191388
41702,1.6873984
25012,1.8168998
67769,1.9555645
27222,2.8724318
35614,6.8705597
31654,5.184372
34042,1.4784148
26010,2.185524
91488,2.079248
87960,6.185453
31835,1.3913443
44776,2.1993415
99986,2.8387778
39280,1.9963906
12307,1.9770665
68744,2.2318432
74731,2.2375145
11788,1.7233315
45749,1.4784148
31162,2.9157376
70617,4.7054887
79979,3.0538592
84101,1.1777134
21081,1.4803605
40905,1.5837781
1743,2.8803842
37611,2.6479883
22386,3.2545118
15599,5.233635
86995,2.2534702
93733,2.6603653
7415,2.2787902
82708,1.3148255
73069,2.4441764
72384,3.9374413
30706,1.5517817
47454,1.0546525
65297,5.732869
12790,3.607442
18757,2.557982
21464,6.194712
84550,1.6118829
20507,1.7421052
101030,3.4895492
57596,1.3304591
22794,2.3490427
9797,3.4918995
1004,4.347567
76856,1.4307683
17608,0.97861147
68397,2.6452444
16260,3.3346066
28886,2.1859066
91477,1.9341228
70330,3.0449252
26961,1.5221486
40687,1.380965
91425,1.9468303
59939,3.9576454
96479,3.3276663
24229,1.5148542
55314,2.2553785
13066,4.9339447
57112,2.042826
74674,1.9018099
64315,3.7062988
50690,2.2730908
66557,2.644494
74158,4.30296
30046,3.5548038
65511,1.6270342
36804,2.1219714
56307,2.9662118
23734,9.081577
33195,1.9742932
83193,3.1211782
69793,1.647517
97685,1.6329961
8679,2.4440918
28492,1.9804432
8125,5.881552
67631,2.2481668
11307,2.2839112
76058,2.1186502
77853,3.253652
66358,11.102534
64244,1.8829038
78963,1.9037869
63835,2.4926393
58331,3.4924903
72245,5.569421
23449,3.0512137
57425,2.951236
52885,2.062915
77089,7.510291
37807,4.0675106
37656,2.0035112
101377,2.3533413
65674,2.4800456
60467,2.3181973
101820,1.9378958
75185,1.5158241
4437,3.9349031
56059,1.9722095
81790,1.6728387
82335,2.1330948
90568,3.1018949
48531,12.199516
35672,2.0381303
29651,3.279026
7312,1.5710554
20964,4.144354
41830,6.6899414
3388,2.2305722
45844,1.3217678
4164,2.950393
64700,3.64473
50071,4.7054887
42357,2.6465673
8371,2.8766432
37653,4.9243374
5502,4.3787436
1718,4.357431
96723,8.592834
73295,2.2404492
2612,1.6678238
67617,2.4560251
36302,1.8718579
91662,1.9665582
42739,4.9668627
71005,4.7131257
71092,3.201644
73802,1.7579894
20014,1.5529132
90626,2.3957942
5516,2.547607
101341,3.3258872
71548,1.6941867
29102,3.28967
57995,2.6876028
101510,1.2863731
84965,3.779173
87200,1.9619858
36891,3.2166195
55583,1.2275665
85637,1.9476213
981,1.426044
71718,3.411387
95654,1.9728262
1273,2.336522
31370,2.898656
29892,2.2044635
81577,1.9061937
3399,5.8627877
43592,3.2591062
45840,5.423148
2994,3.5705142
71056,4.0733833
94867,2.229737
76365,1.7297132
45351,4.979548
68339,4.8931403
85200,2.1993415
43929,6.393273
19599,2.1624753
77697,1.8312426
84612,1.0963769
76395,5.9318852
12321,3.1558328
3810,5.241074
79009,1.5342324
46879,2.593651
100904,3.3933105
7051,3.0615053
80675,1.7965596
28836,3.1498384
13276,4.357094
56960,2.4151158
36815,2.818898
19131,2.2953324
42053,2.7250953
38444,2.3053758
22871,2.5136552
34873,3.1221452
13705,3.9428558
73524,2.9677956
84626,3.4294748
3772,4.999412
47794,4.1315722
75913,3.6411562
38469,2.4751186
7612,3.0559154
78815,3.442068
101068,5.1174197
34179,3.627201
97177,1.7324791
88838,2.105258
72539,2.7758906
1764,2.9586687
5811,3.4480186
81645,4.1223006
91974,4.933937
96975,2.3761024
48673,1.4113214
6758,2.2140663
25525,2.8808684
47059,3.8381948
18111,1.2816863
22903,1.6682105
90986,1.6162891
23792,2.2357018
74922,3.355793
16558,6.3813667
63617,2.1181438
26775,2.8020487
4380,4.868355
74637,2.3304064
101978,3.4418535
48032,1.6363249
42218,2.5616155
23946,3.0598779
88951,1.7712684
73043,1.6932178
81575,1.5193605
62603,1.5941389
100123,4.01144
68334,4.0338407
95278,5.6842704
57898,3.0090442
15710,1.6130607
87533,5.466772
88271,3.8220916
70680,5.8365107
76046,1.4823112
72866,2.218804
93292,3.3287406
41171,2.0171852
2969,3.0844703
72423,7.454484
45396,4.9215765
73520,3.3742433
31019,2.067613
56890,2.9122796
7489,5.2023773
53207,2.1388571
23090,1.705909
61573,3.1955361
90007,1.6594276
64096,2.1310427
18782,6.978984
51860,1.3623655
29101,3.5426373
68645,5.073354
29390,1.8215511
46618,3.6821814
84867,2.7294302
76589,4.9439836
10352,1.5187275
38713,2.4042888
76397,4.0919147
41549,2.079248
78461,1.6017728
27106,5.014782
46120,2.3957942
7700,2.2227561
96165,1.9366531
94685,1.6155534
12396,5.081107
7710,2.3843112
37851,2.0154433
47031,2.4926393
99044,2.9247794
33974,2.23724
74243,4.7131257
30113,2.616454
3873,5.3876247
95464,3.2186632
87403,2.718612
2905,2.0392554
91373,1.7315454
60303,1.6775377
76949,1.6891124
45363,4.415224
22252,2.316617
23995,3.8128028
52131,1.7653177
86296,3.392169
6946,2.1429925
155,2.1306803
101946,4.137341
64730,4.2496057
55457,4.3323617
2845,1.7912045
40015,3.805861
2274,7.7113676
44643,2.5699065
13065,4.1586986
10432,1.6079307
63014,1.5158241
88436,4.4165344
11557,1.3744998
57795,5.3513417
46303,1.9628997
51220,2.0579724
100697,2.6766253
92165,3.0474586
67937,2.6181
75880,3.0161967
49113,1.93185
20239,1.9040811
87429,3.629024
41890,3.845305
70050,1.3599412
77611,3.9420795
65759,3.607442
89844,2.322317
1426,2.2433305
27530,8.117347
11837,1.7185783
79102,4.970806
94627,1.3412158
76334,2.658687
7341,2.1389456
72845,2.0564117
3145,1.4152381
7772,4.95547
82204,2.2424552
40399,1.9498415
35018,2.8719943
49672,1.9874425
96866,1.8699584
37407,1.598676
77407,6.4134517
76071,3.358533
3896,1.5489564
83751,4.441617
79196,1.8783712
84697,1.6873984
34446,10.197336
73463,2.281924
94043,2.8754807
96965,7.991563
81773,1.7055838
74752,1.9590468
70271,2.198945
80003,2.683104
88823,1.696495
69773,1.7620211
27081,1.3320088
70895,6.3272657
59445,5.3027806
26771,3.8378263
76674,1.6125424
39566,2.407959
71780,2.0049827
77229,4.3893704
89393,1.6562197
10809,4.3168106
57033,4.3091283
24065,6.073773
58752,2.0263493
730,2.4971275
29980,1.1681395
9215,1.2460253
98612,2.0245886
97530,6.8115077
83559,1.9252372
98918,2.91281
97076,3.0946102
91511,1.9474788
5959,2.0035112
8690,1.6998172
37835,2.452361
48768,2.4441764
51826,1.203686
45569,1.3516362
65752,2.467087
17145,1.6406589
86176,2.6221807
56443,4.1579194
81819,2.1647992
60554,2.306117
18168,0.9955716
58897,3.5919323
40364,1.6816556
11791,5.21682
76494,2.9561603
53871,1.7436857
61901,2.9157376
62544,2.0966334
30197,1.7498457
34546,3.021111
15628,1.8540134
83728,4.564501
12871,2.0316024
83534,1.2367871
99818,1.9267497
55073,2.0751615
8642,3.2921553
1728,4.246316
18397,6.5660954
69576,1.377547
56916,1.9327593
96117,4.866992
1909,1.4557955
79481,3.9334688
4903,2.50404
51422,1.2173927
48229,2.9292746
48080,2.0325034
23602,3.6005087
68802,3.2845163
74791,1.9869344
59028,1.9283204
10048,1.7653067
92472,2.6525352
73235,2.1762545
87368,8.592834
41740,1.1803372
73964,2.119303
78209,3.5210629
85433,4.0310645
26543,2.2375145
68768,3.8161483
53244,3.7857966
24001,1.9794979
73826,2.1447973
101122,2.7136414
59122,3.4915113
18750,2.8229828
78469,1.406781
31114,2.5201612
15924,2.9428673
25251,1.922004
72950,0.82892644
43713,2.3576994
32987,2.0801284
67285,5.041666
37520,4.5871115
99107,3.7401195
1789,1.4095528
58307,4.02138
19005,1.9113169
13528,6.6892924
60252,1.589941
69743,2.6766253
61216,1.927763
45061,1.4703932
99442,4.657044
73163,1.9499984
83850,5.392887
98664,1.1538188
73682,3.2326765
77635,3.220436
32498,2.4617407
91026,1.6104989
72193,4.3893704
68091,3.4361095
89461,1.0546525
23618,3.442068
51375,8.580944
41280,1.2016723
96944,1.8276324
82181,3.2845163
42945,3.5210629
15274,2.1579354
89263,3.989345
11668,2.037509
51693,1.6879594
75427,5.2082887
101753,2.476537
61226,2.9271898
84156,4.3697
22202,1.4065726
24948,1.3066239
78418,2.8425238
101880,1.6835728
9011,4.0532784
27120,1.5035386
50706,4.874326
71992,4.9339447
84611,1.223386
25897,3.959394
44531,7.286373
57111,4.2819343
63788,2.1012886
7052,4.3422256
20516,3.0554671
94880,2.1699564
42790,2.598216
92481,6.916653
20027,6.850868
25512,2.151171
70605,1.6131663
63893,4.297131
48908,1.9665582
33114,1.986489
94797,1.2692668
73305,3.6419158
63242,1.2378111
80975,2.2017155
62357,2.214584
13531,2.4548268
36816,1.6084268
88699,2.743145
9816,4.9215765
44912,4.24938
46627,2.7036653
78643,1.9663482
42998,9.081577
83579,4.5700855
8013,4.092536
82637,2.1825294
76878,1.6459677
42910,2.0873787
36719,1.3637846
26967,2.159854
92217,1.1803372
101286,1.0455191
14457,2.0744472
56987,3.0326166
6911,2.8994608
46764,5.280475
23575,2.0657532
87369,2.2170522
24843,3.63659
70623,4.639024
68092,2.08633
16746,4.565181
67586,3.1191955
74446,4.948685
62476,1.1830885
101857,3.6552782
23316,2.2939389
58422,4.624436
11734,3.223937
17985,3.4925294
50275,1.3720238
27209,2.2202082
82315,1.7372341
26208,4.455413
16318,2.5872524
44850,6.0656753
19229,1.8539541
8475,1.7470703
84789,4.9439836
99274,2.4539924
92475,2.1154482
74276,3.656621
26647,1.272507
89759,2.2894719
66423,2.1473196
20903,4.8072677
2909,1.6267879
96433,3.836618
44042,4.3323617
9027,1.9730976
51471,2.6820066
95123,2.18258
23739,2.9747367
24549,1.5762784
24119,3.850865
6861,1.3516362
43347,2.4380052
89083,2.716547
7785,2.5336502
96683,1.9804432
10520,1.8312426
7378,2.3228269
22720,1.879226
82898,3.151669
53404,2.2464657
48035,3.1280193
91404,2.5617783
92714,4.1315722
29590,6.5660954
85909,1.0592239
66166,2.1531656
41763,2.148386
49503,3.8050103
25517,6.869738
76240,5.1805825
31698,1.6116538
74220,2.6046314
67193,2.34441
24810,1.3512628
100716,4.144354
84957,1.9804432
77435,4.3835235
4303,1.8096259
72982,1.2526352
82809,5.8118687
28589,2.2354603
32321,2.0228486
41148,2.9594889
39817,1.9821339
6026,3.242981
76156,4.2419963
92542,2.3727
46667,4.5414705
80562,3.8506074
66206,3.4621444
24846,1.9456205
880,1.3516362
24929,7.0740786
1531,4.736935
26352,8.069325
30011,2.3216784
61160,3.0217853
56825,1.6025226
59934,2.0164115
98380,2.047429
82700,4.630237
2971,3.484097
15146,2.0528302
12572,1.7463372
31842,4.725778
975,1.9883151
22945,2.0849671
726,1.5859985
46956,1.7904525
94559,3.5897074
85951,1.8037999
13389,1.7831724
43345,1.8103416
95260,3.989345
63651,2.2545836
14019,1.9206197
56927,0.94650924
73192,5.0932093
81025,3.150681
38462,1.6155534
45901,1.8331566
96053,2.4001255
83669,4.158978
36569,3.796516
24145,2.8038504
707,3.9740105
93107,1.5345206
7851,1.9141059
96160,1.1401062
85310,2.5498064
13722,2.2694712
34736,4.1498976
25320,6.4134517
36329,7.454484
48427,1.1143322
26820,2.7726126
48507,1.9677603
6535,2.9930344
19249,3.8560996
91018,2.6440592
50346,5.432554
75599,2.2775006
72389,1.9747465
6877,1.4988444
73730,1.4803605
2496,2.722518
87355,2.2318714
19740,2.648886
75911,2.8322263
48987,5.217259
62958,2.7022438
68836,3.6228185
59567,2.0486124
24735,1.6590257
56086,5.4535284
65865,5.0951495
99400,1.3309152
86111,2.9194489
54142,3.1074057
84150,1.7852664
27180,2.7269084
83337,5.3592057
85156,2.9194527
97436,2.8994608
62234,5.6263075
12714,2.6742868
86873,3.5120316
91372,2.4620512
12283,4.1586986
38151,2.1584582
51095,1.9939473
20819,3.8656793
43239,6.1833124
7398,1.3602238
17057,6.3328457
27350,1.6872501
88311,1.9640679
32282,3.1785297
37577,3.36902
11670,8.069325
75902,2.8383517
75690,2.4716458
8131,1.3317358
68740,2.4493935
48686,3.020369
89936,2.3576002
27923,1.6224241
83458,3.7562747
48423,4.132225
14881,3.0334115
56095,2.7115476
6783,1.9415
38207,1.9966888
71640,3.6867685
74310,1.8090167
71563,4.0181403
72872,3.0290456
63411,6.5485997
82665,3.6419158
33431,5.369999
55589,6.454882
61596,1.0152078
24729,2.1491652
41602,5.6442122
47081,1.8100357
271,3.7730975
20913,1.7683697
95515,5.232493
28858,1.4508004
25301,2.0868948
61194,1.972137
88643,1.1143322
41385,1.4918911
95976,3.7614942
3395,2.760021
23298,1.3309152
80460,4.247668
91342,4.2245317
42567,6.8381243
54669,3.3012967
96577,2.856485
13740,5.662722
16411,5.18627
73433,4.4996686
95368,3.5741587
34843,2.1598547
30254,2.2224934
94951,1.0306904
46762,2.8719943
82867,2.3482642
65806,1.8977783
8717,2.1547558
92643,3.9496884
95176,10.197336
31906,2.1599703
12520,3.9725356
14034,2.2195728
12406,1.2376621
66713,2.4910617
78070,2.0409384
94596,3.7678046
6459,3.8586755
37100,2.9991856
17451,6.869738
80290,3.5210629
23938,1.8719127
5794,3.6236415
18408,2.260998
61495,1.8029885
25600,3.9954581
58073,1.829318
75888,3.6819777
76936,5.3027806
70703,2.1680968
76785,2.1699123
36162,1.8782234
43552,1.4082892
68004,2.8662863
2941,1.9794979
3910,2.9469807
41034,2.0262065
59059,2.430339
38034,4.637478
62305,3.9078345
46191,1.779829
73301,3.070414
16143,5.4582906
36908,5.217259
83490,2.116818
56632,1.9310493
68718,1.9804432
55649,2.211618
7868,4.756018
1428,2.6775239
75881,2.1012886
27101,2.753724
61880,12.199516
34678,1.3306167
96402,2.6409645
90095,1.4678314
69908,1.807725
18813,2.4939897
71732,2.0474756
69554,4.8931403
63685,4.1398926
38211,4.5155654
88059,5.748938
83710,1.6098886
17244,2.4926875
9353,2.092415
7377,1.1580987
66955,3.7911654
82443,5.5159936
52180,2.547607
3296,1.4692774
70414,2.6766253
52677,3.325499
22414,4.103387
85236,2.9804432
42856,2.2814963
78128,2.9928305
100581,3.3006225
35747,7.2782373
76489,3.9266815
8999,1.5764596
4078,4.536655
76560,3.6113496
11967,1.637331
10678,2.7803075
28320,3.159093
61553,1.8925748
59146,4.259393
66987,2.2768314
39559,2.6543412
13746,3.159089
101623,6.26532
64024,3.306386
7174,1.4497504
8596,3.22156
22704,1.598676
20681,3.8998141
18859,3.60674
9121,1.7897649
8578,4.3402367
92096,2.743145
21374,1.9759419
20042,1.5170817
97424,4.9319725
67458,2.3365674
94385,2.459466
93862,3.3475356
80968,1.9913843
85021,1.6966326
67587,1.9333756
41905,2.6321728
76970,5.599894
34780,1.7746091
24184,2.116989
46420,2.7518468
44504,3.35187
9974,3.7843428
66640,1.089436
97937,1.0685666
74677,4.408958
23120,1.3342857
3034,2.2893338
58214,2.1555417
60871,1.1843946
82507,1.5722156
97257,2.3027732
11604,4.605636
96649,2.0841906
11154,3.0772305
97016,1.6692598
12666,8.926758
58986,6.8651648
36396,4.342888
84884,4.8453016
87564,3.8812737
83221,4.04299
13986,1.6873984
73943,1.5170817
89265,3.220436
15147,2.06654
79583,2.2013717
57529,3.0844402
80544,4.763347
42757,2.2509816
30415,2.067613
63611,3.0557847
25843,1.5677829
84773,3.2166195
73140,1.3616979
71514,5.9348617
78336,1.5144153
51209,1.903544
67685,1.1362224
69375,1.5286295
84414,2.5136552
95808,2.5228033
33286,1.8406096
16148,3.779173
43752,1.9962738
66281,4.9799004
1993,1.5706046
61603,2.5534055
36598,3.2932916
13632,2.500438
55935,3.8714628
43434,1.71748
16674,1.7821636
5355,1.7159102
99872,4.487828
45859,1.5990105
98298,3.2149878
101744,3.4597044
13783,1.203686
7315,1.6294947
97600,1.8982458
100000,1.9111056
17674,4.3640027
38410,1.7275794
24574,1.9732163
8144,3.3986998
28590,1.1389208
92220,2.0163846
91714,4.467795
19533,5.3027806
31934,1.6266141
37280,2.4865541
81715,2.9157376
62532,4.352859
45184,5.4582906
34368,1.5282547
97901,1.175379
52452,4.620048
57572,1.9569213
101376,2.3619874
42202,1.8646085
55905,4.863674
38205,2.616454
12288,2.4157534
37452,2.6950746
44705,1.5221486
7701,1.9590468
99728,4.536655
34396,3.083902
39433,2.3909094
78178,3.1754751
100290,5.3903675
65773,2.5361168
79629,1.272929
100556,3.008597
101563,7.8776045
6361,4.8117023
39601,2.3138719
33980,1.2016723
65493,1.1808753
77175,1.2173927
18094,2.1016572
22928,2.8596115
52143,7.692891
7835,2.3979335
74211,4.9255896
60921,3.0354095
94923,1.8672135
78355,1.4463227
29052,1.9869051
87737,2.09849
30245,3.2147398
17717,2.8869889
54912,2.5673807
61036,5.397987
61949,3.4668775
4762,4.800729
61796,1.9759419
32393,4.9243374
51060,2.8844948
7633,8.642235
66006,8.03956
14350,5.5684214
99435,1.3405285
73811,4.4399614
53525,2.1247509
59982,2.9693053
38136,1.7661269
36078,1.6618788
21276,1.4786863
46065,2.847698
28473,2.2812843
2696,3.2314887
29304,1.4029415
58949,4.6374702
24581,1.9803839
86171,1.7640445
88535,2.0184965
76486,2.6035392
30642,5.2711525
48986,3.206287
69179,1.8914709
62884,1.9381795
46998,5.6684847
16757,2.0828497
3832,3.0155344
33692,1.3247547
94387,4.2732797
42752,3.2809052
20433,3.6026835
87374,5.8908043
91385,1.3062577
8015,2.6409645
87577,3.2028265
54743,3.1814322
60156,1.7349455
79449,4.5580373
28512,2.136715
38161,1.4346809
13057,1.2712109
49831,2.6911037
94759,2.3727
34535,1.5872457
37012,8.592834
33925,6.978984
65486,4.482289
45682,1.1539748
80814,2.4987872
40636,1.6754255
35270,1.8478348
67774,3.1280193
51593,1.9630749
18495,3.875257
31321,4.038236
81321,3.0626087
57497,3.2792268
864,5.0544305
51526,4.94466
44604,2.7619052
26845,1.3185503
70983,1.4508004
22625,3.836656
319,1.6819389
93515,1.2367947
79260,6.4846845
221,3.2735686
1292,3.4168143
26014,9.081577
100432,1.4321184
17724,1.9625931
32778,1.9915109
56497,2.316617
79513,4.871446
61637,5.3027806
40597,2.357019
64758,2.6246185
26909,3.096754
71446,1.4533815
11626,3.0090442
91178,2.116818
57287,5.9574294
174,3.5426373
39352,2.3860614
24007,2.3532588
47239,1.8774877
100210,4.4641886
62100,3.0538483
19077,2.0000408
53393,2.6246808
61910,1.0148752
8569,1.598676
97529,3.6361113
73408,5.6879168
24902,2.66493
60642,2.3379583
34312,2.7029736
93624,1.2699592
35021,1.418263
84433,4.458283
34124,1.6482725
32960,1.9961276
49738,6.480847
33527,1.34093
47452,1.516566
73766,2.6598632
80113,1.7778928
28392,1.986489
88193,2.4617407
20301,8.592834
80655,1.7848237
58812,4.6833105
49154,1.8283014
71435,1.9742932
6712,4.1418533
41526,4.863674
33567,2.4406354
65923,2.0477138
49597,2.0272245
91601,2.3216784
39374,3.1682653
54171,2.9788408
27876,1.2279427
9883,1.1681395
63286,1.8672135
98510,2.6787345
18811,1.914161
37510,2.0863974
4696,3.4686723
56005,2.7439651
46498,3.6113496
27080,3.900591
16782,6.0656753
83781,2.0895524
21448,3.2200675
31311,2.0967808
100390,8.170106
63548,3.767942
39725,3.6127934
24200,4.1772895
38885,4.9406347
51722,2.4173934
3868,2.879852
98572,2.3781927
95364,2.3725662
27724,3.5383787
40283,2.228819
96651,2.0934641
100350,6.159402
14613,3.2980409
40892,1.8877699
24625,1.5016618
29131,2.1219714
50722,12.199516
15387,1.8259087
29468,2.5320628
16702,2.105014
10139,2.2756057
71613,4.684346
91649,2.6637821
44553,2.0486124
36304,1.3079927
32431,6.5660954
53694,4.1498976
37191,4.9406347
38028,1.2291174
71377,1.9221284
45132,5.1359935
43214,1.620029
98316,1.9042983
75040,4.367874
88178,1.643368
61693,1.7614393
85272,2.8428364
39850,4.089766
41418,1.5039513
7626,3.9374413
37506,2.0238967
75619,2.2839112
45395,3.6484995
31007,2.0153017
90888,4.698581
32059,3.789678
54657,4.8636518
71846,3.0217853
10449,1.9498415
92506,2.8202627
24884,2.6413474
90575,2.4194942
18794,4.410188
17791,6.2920666
24312,2.6465673
42228,3.2025018
95330,4.87655
35731,4.5588083
1260,1.1810663
7244,6.0340157
94873,2.0318277
18437,4.997229
10267,1.584955
96949,1.92701
98427,2.404367
99609,2.6409645
29860,1.9675894
10420,7.273099
39074,1.7685733
16628,4.23069
45129,2.1555417
7231,2.0852757
21126,6.51874
35938,1.9052217
31911,6.4340487
54305,2.3216784
78254,2.9113667
1677,1.0611584
1924,5.6889896
80074,4.1813817
66611,2.3805194
83206,5.119029
77119,2.8823183
43049,1.8002417
74724,1.6453416
95484,1.8727684
46666,2.1738133
48655,2.8708546
54680,7.2059193
23368,2.6409645
65005,3.4116588
88719,1.2614472
75016,4.694042
43786,3.9317722
64374,4.3168106
51660,2.117778
80379,1.4423013
95538,3.5210629
41760,2.0188682
13782,2.14568
43471,2.004838
1355,2.2357018
21022,2.2757034
47494,1.929445
70263,2.9733336
71153,3.1117058
78547,2.797553
37172,1.9993832
6528,4.7124147
71900,2.3659012
92064,2.593651
52210,4.159818
28475,1.380965
52660,1.7275794
47447,3.5056643
86661,4.2106495
27113,3.0155344
49878,7.5082827
15783,3.0155344
53158,1.856322
73494,5.056388
3555,5.8722196
12934,4.5861
46081,3.2163591
45279,1.672601
29848,3.5210629
14496,1.8841803
17823,1.6084268
17592,1.6446617
74855,1.902669
100225,2.7770467
45772,2.5503416
66544,2.2488194
4261,1.3430488
62248,4.278163
13001,2.3062763
21928,1.506
42462,1.6850321
15860,3.1895218
65988,2.2753406
86432,2.9438686
99425,1.2583466
100395,2.3453212
43954,2.0458648
69105,2.9457185
99904,2.29726
25005,1.5821102
68884,3.1088624
4845,1.9625931
23963,1.1808753
68591,2.8491206
39967,1.4744673
100967,6.4340487
58923,2.3251894
24668,2.6793056
67815,6.480847
22151,3.5350056
21599,9.081577
94949,1.9745493
669,1.9804432
36944,4.9439836
31883,4.074173
21358,1.4562411
38426,1.6029911
34065,2.1755247
71495,2.1219714
90853,5.7151427
51600,2.8787348
40394,1.3416848
6368,2.9613402
33611,1.5859985
19002,2.4645617
80650,5.1777964
62831,3.1352477
87688,1.2362573
10435,3.6976485
61529,3.3505378
67323,2.644494
51123,3.899354
15475,3.7270985
96897,2.8724318
33148,3.4334803
58661,2.8501055
48445,2.7406027
3777,1.6919172
4373,1.8630989
15721,3.1814322
89447,1.5567348
34846,2.125913
67006,7.292347
98492,4.140235
62017,2.9871557
84309,2.219156
98550,2.2177112
1716,1.4268901
57982,1.7358007
77434,4.3940315
4127,2.050741
19078,2.6409645
7344,2.869199
1198,3.2909627
49329,2.7726126
7272,5.913652
21499,2.3923626
17497,1.9663482
58424,3.6954522
33581,2.066035
83762,2.3053985
41967,4.816831
53073,4.0820937
64088,4.0820937
24995,2.8294313
30318,4.196173
91871,3.150106
53043,2.3817117
47507,1.7848237
57020,2.5498064
7792,2.2893338
5574,2.2534702
82797,3.2598262
58012,1.3220739
83870,4.396967
88868,3.425737
26999,1.4321184
18844,1.1436281
82771,1.9608581
83512,2.6567686
31433,2.31707
5337,2.0852757
80491,1.6084268
81784,2.1547558
88506,1.6030924
49756,3.2855463
1120,2.0474756
5962,2.9569533
77695,2.241461
38107,1.6988735
16820,1.6590834
12436,4.8931403
16718,3.1144848
9184,4.5968304
68660,2.6121337
77141,3.5220757
27405,4.217222
68811,2.8216317
48523,3.0134602
71409,3.9374413
36638,1.3387074
30153,1.9366531
92459,3.1754751
4599,4.72919
42727,2.5466297
4108,1.3552966
48818,1.6308143
46283,2.1879172
66478,1.1658561
84379,2.0653934
43328,2.8216317
15357,1.8308046
93483,1.5770986
80281,2.0163333
36126,2.548652
63583,1.9269907
80108,2.5978343
41965,2.9273574
78852,1.4151073
45592,1.937264
6246,3.1067562
84951,1.914161
53326,1.8006935
38066,2.7232237
36179,2.3537126
1585,3.1074057
68360,5.313705
26524,2.3011699
27200,1.6535733
5386,4.9673433
66407,3.753233
86197,6.0656753
60825,1.2478051
97792,2.7922204
65245,1.8898702
9909,3.2187266
54071,5.432554
52341,3.325499
34628,1.0148752
71250,2.7545953
3267,5.21682
24904,2.2195728
76683,3.6126356
82163,4.45035
168,2.8425238
48868,1.2260978
58602,1.5597568
69799,4.17622
100221,2.8754807
58788,3.2792268
66981,6.0656753
71879,3.6211762
62637,1.5797801
44288,2.7732706
47195,2.8865144
75868,1.9993832
36809,4.8191347
65263,2.31707
32824,8.276534
70285,2.572311
35652,4.7503386
88060,3.925633
74230,2.2789567
50387,7.3210144
6429,2.6465673
1830,1.9344883
78092,2.1415768
44351,2.3585365
92885,3.5548038
53981,2.2747083
5079,4.0301523
34274,5.5970373
34743,3.249391
80555,1.8915164
38330,1.1024039
58536,2.0294113
95110,2.0399997
58305,1.637723
81440,2.287509
100549,1.9381795
61278,3.29282
97910,2.193225
8464,3.8149266
95266,1.7070336
52015,2.0786288
56998,2.6609776
70800,4.7131257
96626,1.1279118
41872,1.8807828
60015,3.327446
77064,1.8402882
12054,1.8002689
79551,2.6479883
2215,6.055011
89019,3.3480506
97997,2.8475575
65970,2.3957942
9045,5.3096733
43793,1.8326077
44424,6.5660954
98324,1.4920473
68381,1.3712339
97643,1.4722228
67441,2.0913308
8303,5.541973
89721,1.203686
85111,1.4440935
74871,1.0455191
100102,1.8097844
89034,4.0212317
67365,1.950902
87380,1.6478267
3956,3.4407573
51947,2.3918297
25992,3.7278366
11403,1.5160816
85391,5.8627877
82883,1.9722095
82911,2.0184965
3707,4.559169
30785,1.8058829
22762,2.0307899
21882,2.2196996
46603,2.8949692
681,3.111454
81250,3.279026
53796,1.8795104
27517,1.5585642
31861,4.8269396
17889,1.6590834
742,4.5588083
20912,3.2809052
72344,1.6045449
30547,1.6116538
79149,8.257706
12419,2.300307
38326,3.1310887
79450,2.736969
96789,1.3569617
37564,7.0929604
37004,2.2667038
36797,2.8800979
44895,7.8776045
81128,1.2988422
54252,3.6009412
54116,1.324677
100488,2.778404
13650,1.6726756
85002,3.3950891
21905,3.1054049
37073,1.1803372
15793,1.9217494
14603,2.1845033
1165,2.3101423
40162,1.9625931
63220,1.7492673
47135,2.500438
39120,1.5603325
99345,1.7541187
42396,3.1144848
58060,4.0995665
42160,3.5350056
64316,1.1808753
10214,2.6860654
63315,4.662826
12822,2.6479883
4687,3.899354
65517,2.2050943
22423,4.9243374
94675,3.392169
2073,3.8734589
71433,3.960343
52590,3.6406837
14851,3.8300629
10317,1.505904
98870,2.6048243
78927,1.4693549
91031,1.1665645
43200,2.1930475
72979,7.9660435
96384,2.879852
27926,1.0329573
7307,2.0753815
21034,2.844425
61672,1.0972598
12630,4.3039203
15191,2.5079596
62439,3.7124977
7392,1.5499494
46617,1.6975994
48295,2.7136862
86265,2.09374
73740,2.6967995
94610,2.5257685
24037,4.2453904
47062,6.9015565
82879,2.5816658
73592,5.0577354
66885,1.9735329
42517,1.1344275
69931,2.4042242
79027,1.3710957
93830,5.0001874
60991,2.244047
27641,4.828226
14074,4.122425
3151,2.092415
30459,2.3098824
81769,4.9799004
48958,4.9522696
38364,1.6919172
12594,2.7597582
47271,1.2163947
46199,2.1766536
99125,1.2973695
15529,2.1973
58028,1.901968
32744,2.079248
25322,2.4147503
35118,2.2553785
39456,1.742069
19605,1.4080215
72521,1.8182015
81869,2.1487293
89369,4.94887
66496,2.732515
26175,2.0982637
67600,2.9127371
78203,5.398581
46609,1.9978395
68425,2.9194489
49655,2.0988665
46236,3.4613204
28380,1.1658561
93490,5.6263075
73655,3.0671248
98912,3.0598779
16619,2.3392148
60296,2.669546
62809,1.8713584
9969,4.1344066
631,2.2628238
536,6.122151
80411,6.24536
84041,3.4362187
94961,5.313705
35804,4.94887
1431,4.2298985
13195,4.5700855
68949,2.8066986
24605,2.3805194
12863,4.763347
17214,1.2655532
40801,1.3712339
75127,2.4511707
43627,1.883223
31807,3.087967
22786,6.055011
99315,1.4633372
57609,1.2166831
47548,6.4055285
54369,5.167563
60916,3.796516
89417,2.643722
81424,2.645742
20773,1.6922894
20273,2.0196452
9211,2.4327898
46016,7.454484
3054,1.0965049
47624,5.3713593
8874,4.2676997
91512,1.8774877
75267,1.3217678
33510,2.2581701
14460,2.045311
52340,4.372714
61770,6.2036033
32808,2.0217698
88574,2.116818
56501,2.4773357
3087,1.5659811
84794,6.26532
23035,2.700891
52023,2.3122087
46510,3.9534688
6559,3.3438525
53020,2.1755247
24881,1.8721898
98289,2.693436
77935,4.9215765
85925,2.689763
3533,2.704768
48526,1.8811452
71041,3.878368
50584,3.398262
45913,4.3593435
73660,3.005745
19806,0.887342
38217,4.723337
73355,2.4020557
23227,1.843329
82829,4.357431
4034,4.1755424
77061,3.398262
38240,1.2129674
55171,1.8265522
19486,3.951971
90567,5.6842704
51270,1.839782
79898,2.490226
15039,3.4557877
96771,1.3710957
69895,1.8770404
57739,2.1140158
78964,3.6891632
8518,1.4516981
9170,1.845207
32980,2.355877
96076,3.5641665
14647,3.9100342
77592,2.1796043
4226,1.7083075
7386,1.8938215
32215,8.580944
38626,2.5647862
29202,2.8464947
63832,2.1429925
6737,1.3335469
56031,1.9735329
37927,4.4399614
30974,2.3881996
69443,1.418263
62451,3.9484096
25901,5.056939
12858,3.3980293
53523,1.8047612
71924,3.037026
53893,4.3705163
89252,1.2709506
50250,3.279026
50227,2.0400345
79530,6.1902604
67588,3.989822
91490,2.41729
69594,2.3098824
16605,6.194712
78309,2.7758906
95765,2.1226585
33008,2.8937733
5678,1.671011
36234,3.9722037
62417,1.7509744
78793,1.4080215
47557,1.7485473
35765,4.4631853
94809,4.3835235
28465,2.9021406
1342,4.0906944
87351,2.513946
62917,2.6793056
52777,4.258564
93950,5.0544305
35362,1.920867
32701,3.4240546
8351,4.595716
71821,3.7295675
87357,5.3876247
13887,3.4068708
77422,2.2488194
68293,1.9400072
51495,3.9445214
788,2.125703
95733,3.385953
37570,1.3179977
11207,2.196274
52883,2.137141
11531,2.0863974
60617,2.2714536
33626,1.9668505
90956,3.0551167
56566,7.2782373
61421,1.7642133
71480,4.9215765
140,1.6098325
8502,2.6036458
63699,1.8091209
16343,3.8276324
23862,1.3013055
24977,2.8107235
24157,3.4116588
98010,2.2334838
80847,3.6524515
65187,1.718276
36507,2.1188807
77372,3.718174
7593,2.2488194
85379,4.074173
41788,2.1432033
19004,2.6670363
17104,1.6299064
25223,1.9659405
50947,2.7115476
41172,2.1812267
82214,3.0090442
50827,2.027378
83499,1.7045808
32022,4.1557193
6674,1.9134402
25678,2.4131382
57599,2.1219714
31796,5.1624117
30787,1.061521
4105,6.24536
58058,2.718612
101984,2.5131338
9689,2.847698
16542,4.557846
10388,1.7353644
70007,3.73282
28839,2.5250428
43583,5.732869
21371,1.7197216
59438,4.4163847
43465,1.11969
55498,3.9652715
90258,3.7278366
26012,1.11969
52611,1.1903391
16444,4.5610986
67475,5.0942626
95103,2.8501055
90421,2.0408554
75331,10.197336
5245,1.8714697
78769,1.4000003
60323,3.3349137
34025,2.125703
34193,2.0540218
72350,2.5515528
75750,2.6452444
33548,7.6907673
32355,1.9675894
12319,1.4423459
82761,1.7197216
3265,2.158741
87132,1.5221486
37738,2.0737116
101210,2.1420627
18189,1.1261337
9661,4.371732
91212,2.438369
34599,8.701363
22381,1.9806056
25056,1.8433893
89160,5.4786544
521,2.4857786
18225,3.4631739
2344,2.9930344
92313,2.91281
34221,4.5919437
97453,3.8262033
49396,2.194652
43761,2.8328166
55225,2.0196953
8505,3.7062988
23965,6.7775483
81950,1.9088292
65065,2.3284557
95167,6.4134517
38373,2.5706277
76042,1.9056346
20952,2.508538
51344,4.536655
58048,2.1762545
15779,5.3876247
24259,1.5585642
35490,1.3672826
64010,2.6246185
57183,2.3916693
57976,2.9647284
61040,3.4168143
47359,1.7661269
9219,4.270723
35727,3.3591409
73466,3.370841
65083,2.4749115
85071,4.37958
12314,2.856485
9012,5.379477
34427,2.524108
42829,2.2796779
84596,3.4334803
51096,4.3561454
15465,1.6505039
62576,1.1012614
11913,5.232493
75954,2.6305914
55565,4.3168106
59953,3.0661507
62030,2.2058337
40737,2.7022438
65477,1.2378111
65449,5.419381
32490,7.307828
91889,2.3707254
37839,7.8776045
54953,1.223386
79445,2.7338653
47058,3.2872677
88205,3.788919
87231,2.0093508
81100,2.3418384
41267,2.8724318
80224,3.6127934
101968,1.2655244
35881,1.2279427
87924,2.0883274
22510,2.2124283
44313,2.8754807
82827,2.0917833
20375,2.7854452
93713,2.847698
97807,3.0016713
35767,1.4993262
44999,1.7581263
32755,2.8514757
19910,1.4307683
98674,2.3651295
52092,1.9995549
29190,3.253652
4671,1.5452285
56507,2.6899285
42171,1.3516061
31250,3.5426373
42766,2.7074807
25490,2.1444364
87586,2.1647992
78968,2.7545953
83963,2.8475575
46118,3.0808597
16803,1.2709506
1246,1.1852374
80306,2.2017155
53431,2.7758906
22413,3.6479726
17239,3.0290456
5795,2.267246
41676,2.8833587
75165,5.162038
26190,2.2177112
12932,1.4800327
59413,2.0738182
38834,2.9525795
81623,1.7848237
4563,5.748938
50507,2.004838
86235,8.328944
26221,2.065689
10711,1.8427961
24858,1.4807858
4093,1.693661
55176,2.3420143
9589,1.7620211
96533,2.9377704
16369,3.3379488
99671,5.569421
74734,5.041666
70407,1.7262039
39900,2.3733912
72174,7.8776045
77682,3.202896
2915,2.6181
9579,1.7299469
82662,1.8678455
57314,1.901917
46467,2.7442563
64907,2.1812267
92280,3.5005398
48567,2.6820066
84499,2.6054106
94044,3.9499946
21614,3.648363
69938,1.2725825
47096,2.7770467
57394,1.620029
79308,1.8338454
73500,3.1280193
22033,5.1783476
16644,2.404367
78562,1.8125365
17778,1.3165889
22194,3.2932916
577,1.3062577
54238,1.223386
79394,3.2845163
35622,2.2238536
20262,1.9759419
1904,4.302853
21405,3.1045055
57333,2.0400345
53130,2.330316
1773,2.928026
37369,1.9476213
51772,2.123263
43164,2.1188807
27872,1.217854
17495,3.7090764
19513,2.0657532
50007,4.366633
18596,1.9785426
52556,4.1683426
22313,1.9054604
10109,2.4441764
91428,2.682564
24159,1.838084
83011,3.553401
100807,2.5338995
20493,6.8060474
68039,1.5569503
33052,1.5922656
28372,2.1976101
75883,4.352859
93427,1.5528481
85621,1.4703438
21875,2.1068301
51855,2.244047
65291,5.432554
44432,1.5205317
94612,2.5503416
57077,1.271972
25854,2.6149065
33083,2.6161253
59932,5.8722196
4092,2.7726126
15765,1.220562
33455,2.1100478
83086,5.582634
18818,1.7477565
878,3.9374413
60005,1.8529098
44393,2.260544
25086,3.9739208
24133,1.4602401
76017,2.1389456
20620,2.1993415
82035,3.6407385
61187,2.8222637
45427,7.5082827
40843,1.6118829
17335,1.4854307
11627,1.9552922
23506,2.2843862
49194,2.1075535
36412,1.9961276
58180,3.7873206
85590,4.5789046
70273,2.0917833
47499,3.4183931
49387,5.748938
88567,1.1024039
95327,1.4722228
61811,1.9994771
70058,2.239982
1812,3.5966382
11387,1.7324097
6825,3.3650851
66652,2.116818
77432,3.8643332
3641,4.814865
44758,2.08633
27993,3.3495765
83009,8.926758
86318,2.7022333
69682,3.279026
69465,2.4940643
69011,1.5567348
12556,1.1279118
58543,3.221786
13281,2.0337677
83842,1.4143553
24043,2.281924
40610,2.3365674
45735,2.496559
96930,3.5002022
82458,1.4160488
48017,3.2149878
60697,4.372714
11450,1.7260633
89072,3.1523771
16382,2.0073767
69069,3.4778547
59292,1.3148255
35125,5.602124
38736,1.404355
38128,1.8058829
95289,1.5136576
32798,2.1450298
38325,1.3255174
75999,2.1997535
77313,1.5454278
21866,2.5201612
51558,2.3761024
9592,3.5843463
16407,5.881552
40930,1.7522676
46219,2.1259573
2482,1.6919172
87075,1.8578129
17163,6.2099
84838,2.2488377
30062,3.0538483
13118,2.1844566
86652,2.3378062
25773,2.889696
62231,3.1540475
21912,2.0056603
72602,1.9171088
23897,2.4943142
51912,3.6369376
66553,2.109901
66217,1.589391
37996,4.207005
66938,2.7971234
95164,2.0806534
43670,2.9968517
39908,3.553401
19173,8.328944
331,1.9899561
98896,3.2823567
7209,3.9748368
73629,3.2467632
680,1.2422245
2614,1.5643945
86678,2.1382327
53559,1.4449227
21930,6.148965
4533,4.468106
77444,3.7652845
34933,7.2782373
2695,2.67413
42209,1.7651513
60550,4.2676997
70656,4.783975
50783,5.6442122
26356,3.1144848
43919,1.5618682
95252,2.6735306
67252,4.6068516
63937,2.9871557
34670,4.584048
35148,3.0739117
10970,2.8040698
68850,3.0935497
75375,5.771432
78794,1.8173618
100322,3.7015405
88597,1.7628508
81450,1.6329961
91421,2.125703
73271,2.5996227
67843,3.7833042
38164,1.466322
85556,2.7847643
23197,4.9067187
1465,1.6018491
8208,3.0134602
31185,1.9484124
60227,2.116818
44669,3.7547522
65622,1.7099173
24789,1.9980938
94877,7.5082827
77694,3.0094156
29921,3.7601428
43338,1.089436
75728,4.6282506
78962,1.2768934
40152,1.936276
44212,3.6334953
51354,2.1777892
78192,1.7110865
46333,3.8878775
64034,1.1899343
60175,4.2399483
68908,3.7075434
7045,3.6419158
64383,2.6766253
90296,1.5504284
44168,2.1674554
64981,1.3897045
53777,1.556452
4345,1.3864195
60778,5.096257
57200,1.8507617
73282,1.7450123
25519,6.055011
61549,4.8787804
35895,1.9164336
37024,3.1930156
53382,3.2522302
15350,3.422639
19401,4.59941
29595,1.2956345
58321,2.7188928
22745,3.6026835
65734,1.7412798
79146,1.8559675
52741,2.357273
68829,1.366533
80809,1.4263291
24291,6.969115
27513,1.5627723
98813,1.5039525
101224,2.3765168
74936,2.443288
34177,2.2780144
48292,2.9961267
1821,3.3527532
5190,2.1699731
82917,2.985482
2198,1.9291203
69864,1.5904329
19942,3.7391224
86976,2.4940643
82892,4.4392767
63344,2.9991856
18361,2.0082078
21048,2.2893338
53791,1.5788546
24193,2.0852757
34149,1.6756668
56571,1.9585683
919,1.7867382
798,6.148965
63172,1.4722228
18009,2.479612
29406,3.5125155
96331,2.459466
54731,4.5068445
7823,1.2291546
94413,1.7867382
87250,2.7300954
37155,5.0735745
80426,2.3296733
101196,3.7428493
86410,2.6190376
12017,3.9897385
90214,1.9408054
4038,2.7758906
55610,2.2618358
23688,4.5233808
55077,1.7892795
226,3.8314466
21364,1.2707341
77026,1.8347962
101349,5.834569
9855,2.967037
80617,1.5170817
76522,1.418263
47220,1.5059133
81454,2.0996637
48223,1.9961276
66526,1.1012614
47633,3.2591062
87670,1.9928164
30555,1.0412178
30714,2.067325
20656,1.679857
23565,4.357431
41130,4.5630293
84264,1.473664
41733,1.3148255
100232,4.536655
101514,1.8159208
63100,1.7890358
22106,3.8605685
17834,2.691991
51601,7.837944
101361,4.970806
87788,1.7361517
70700,2.198945
94665,4.6090155
59933,3.249116
53049,2.1341932
41757,3.262589
69670,3.412331
55570,2.93929
11939,4.94887
68963,3.5486817
79132,2.6286547
29922,2.617239
100885,1.6387398
4927,2.8294313
39197,2.2843862
83662,2.1184769
94008,2.116818
61107,2.2177176
75885,1.6063032
17850,2.664729
94492,3.402945
35836,1.3512628
85170,2.0154433
45783,1.8478348
28830,2.1222372
33346,2.3407438
7083,2.952799
45312,6.5660954
34327,1.4918911
82158,3.484829
67088,4.2402062
86736,3.9774585
50372,3.2593012
40315,2.0772405
58408,2.816007
11517,4.361101
80296,1.4224961
33196,2.6092691
41948,3.4550848
76341,1.7759058
67140,2.6036458
74120,2.4150913
86504,2.585067
63442,2.7185333
74202,4.7918506
92379,4.0820937
71974,1.5424666
27235,2.6670363
61975,2.6543412
32764,3.9719124
27324,1.9068971
90176,3.070414
12190,2.6324456
62960,1.3059111
73393,7.286373
13732,2.44155
39862,1.8029885
73007,3.462171
26081,5.119748
64729,1.6139128
54797,3.4778547
38135,1.4956455
46295,1.357331
53783,1.2121861
95160,2.3536804
45338,2.5361168
80951,4.014726
90563,1.8177855
31141,3.989822
50717,1.6998172
32270,2.2772315
23199,4.754072
36322,2.4382026
101943,3.8560996
85253,4.657044
6602,1.7041192
24938,1.453836
56705,2.1584582
21433,4.1077504
89207,3.2030883
75846,2.2799642
83279,4.947327
5420,2.1939423
33576,1.2707341
11865,1.2588003
29024,2.0190716
48109,3.3857055
49391,2.3069007
82920,2.2170522
97895,1.6520295
12576,2.3148577
63785,3.8560996
79405,5.210114
28083,4.296938
16162,1.8711493
13604,2.0399997
28842,1.1479163
17902,1.2454345
9865,2.2294872
47333,2.508538
62527,1.8741529
59950,4.1663713
75680,1.3220739
16819,3.765397
19578,4.6605268
93328,4.2245317
101894,1.3519535
51800,4.2520227
91386,2.6819384
95600,1.6510425
52108,1.2121329
94503,5.397987
29222,1.6350684
65031,2.6246185
19087,2.933944
50490,2.3314834
69826,7.5082827
48094,1.911593
55193,1.1284287
83140,3.184939
10505,2.8486516
84552,2.3834429
12156,4.0807247
23217,2.5273633
51233,1.8123567
55630,2.6353476
7101,1.6505039
33295,2.0611777
6684,4.3023157
61741,3.355793
88086,3.4056406
46848,3.0772305
42041,1.9164336
8255,3.281434
8760,1.9320209
26434,3.72053
93261,2.2105052
36458,2.669741
68423,4.2520227
11731,7.8776045
23401,1.3960259
91678,2.228609
62060,4.3402367
141,2.2196996
97462,1.2378111
19313,4.052696
84269,2.1762545
48938,3.4665747
34550,1.5047662
93115,7.991563
1556,1.4423459
16154,1.7396662
54833,2.6020417
80948,2.855238
23925,2.4616942
29323,2.7022438
64192,1.3785663
11689,3.5870605
87207,1.3785663
92642,2.2694712
40406,5.08502
81521,8.926758
94151,2.043372
13880,2.9358044
90914,3.8223882
80427,5.1651015
2213,5.038298
85000,2.593954
30467,5.1429057
62529,5.1007667
83099,5.025128
18691,1.1777134
85876,1.5221486
55951,1.9104626
78479,7.5687275
8300,2.8994608
64855,5.852252
97404,1.380965
95137,3.448969
27675,5.6442122
49405,4.04299
92296,2.7485976
61037,12.199516
11180,4.7651267
100046,3.7885427
87764,2.756901
74089,1.6764786
10487,1.9459901
19141,4.145736
92365,1.8046055
17999,7.2782373
32391,5.119748
4997,2.0348015
31475,2.7971234
55701,1.245306
80095,5.784488
80690,2.1212406
4168,1.8713584
16759,4.8072677
39006,2.194652
18788,2.0643687
5580,1.09097
11553,1.6970787
71506,3.2467632
71491,2.16202
40817,1.9735329
80442,1.863857
3266,1.6764786
55781,6.9646096
49179,1.2576947
5078,2.079248
47153,2.1107004
42208,1.7635176
85455,1.2672653
80607,2.3230503
90057,5.631868
40227,3.5705142
1155,1.9804432
49657,4.2819343
79487,2.2522066
18137,5.7850084
39930,2.5676987
41699,2.831035
82912,4.871446
58385,3.202537
17442,1.4437714
63560,3.1993594
18031,2.0058727
21569,3.0120354
9407,1.4478681
84330,4.676195
80251,2.5978343
49864,2.24124
50059,1.3118899
74769,4.0025554
71667,1.9738278
938,1.8055902
4667,3.7181144
85207,0.80618536
97767,3.062231
82871,1.6067209
17421,5.784488
47205,1.6813028
15154,4.135533
64402,1.7940283
44773,1.8308046
92562,4.2737126
36280,2.0708017
65037,2.1995392
70561,3.1313605
97675,2.6482317
63936,1.3317358
101795,1.7262039
27729,5.954178
85894,3.72053
23640,7.9293613
82200,4.707423
61729,1.6221828
72836,5.8974843
31052,1.911593
84871,1.9190903
79188,1.6171901
73511,2.1647992
55579,2.4757338
57451,1.7370663
98483,2.2348862
21524,1.9068971
62240,2.6597528
43790,5.4208803
90375,4.916423
73070,4.6315446
38346,1.705909
47487,1.811019
85573,2.7993238
33745,2.0753887
96587,3.3271966
72860,5.9094887
7169,4.4292517
79360,1.9973919
56734,2.0041912
43097,4.2136326
63365,3.279026
67674,3.1353145
89705,2.3181973
29544,4.595716
52258,1.4088814
66723,2.9284694
94979,3.184939
90212,2.1012886
52044,2.1408458
98231,1.9892344
3592,3.64473
14390,6.4071426
51883,1.9320209
57969,3.3046093
95696,2.3392148
4747,2.0913308
25148,2.479612
39029,2.4871523
12147,1.7867599
92684,4.0984917
89264,2.088309
22190,1.952712
36244,4.2732797
24057,2.6238456
35510,1.8837712
86119,1.986489
46742,4.038236
89900,5.162038
98999,4.5575733
65840,4.2353683
89972,2.4156785
32040,12.199516
21041,1.9974716
38080,1.7869868
45321,4.8111634
35998,5.2007775
94013,5.056388
96206,4.0675106
55001,1.9217494
40706,2.6046314
95163,4.5716066
64127,2.4511707
39556,2.8717048
59341,2.244047
91648,3.4466271
39046,4.0306153
99143,3.3527532
101145,5.2911515
78498,3.6349154
75369,2.6479883
19263,1.7841136
101191,2.5076423
94364,4.8617563
52272,3.3991919
93197,1.3688402
85662,2.9570146
44582,3.2028265
49161,1.9267497
27173,6.6068807
73529,2.5122511
71784,3.6479726
88121,1.519664
91033,2.9012375
19070,1.2644787
12333,2.0381303
91812,2.047116
81164,4.9215765
243,1.7324097
70630,2.7130098
8231,2.6810331
62402,1.7192602
86709,3.0042815
101261,4.8827925
97630,2.9761755
9333,2.0762084
41041,1.4168591
88435,2.07909
63095,3.385953
32770,4.4641886
71422,2.0772405
14957,1.0148752
15838,8.328944
78660,4.8453016
20565,2.4293337
1197,1.3405285
68309,3.1216412
30487,1.6459677
38937,1.8544254
23160,6.3272657
4189,3.1661935
40611,2.0260801
99789,3.2817993
45658,2.2509816
78887,2.294837
86818,4.486561
36589,2.2623184
32197,2.2318432
40351,1.7143099
4912,2.2488194
94730,3.9911823
46851,1.6694243
66786,2.8719943
37795,3.3933105
90009,3.10599
19491,1.7671735
68194,2.760021
75763,2.2170522
28054,1.9640679
8640,2.2756057
89298,2.3420143
8665,5.0533514
2751,3.4674454
48249,1.9629083
99925,1.1090264
38632,5.0546103
89974,4.3835235
1287,2.787611
20899,2.8724318
63702,1.1466718
43656,1.516566
15093,1.4599705
58942,0.91771996
8207,3.2850595
91552,3.6524515
99443,4.3168106
78657,2.644494
20572,3.2850595
31103,2.5701342
7702,2.791938
99480,1.6313796
2538,3.2265081
68408,1.9482853
67818,2.1389456
2602,7.454484
65344,3.8781037
78575,1.8123567
15497,1.895689
88282,2.1391866
4419,4.384131
78543,1.3706217
68151,4.207005
71815,2.3168812
57340,7.488323
70358,2.411377
19983,1.911593
86293,4.4230905
44503,4.7958946
55276,1.9596026
96068,2.8225017
12383,2.9272983
51107,1.7867382
38864,3.8050103
63792,2.0230134
35546,4.009354
80910,2.162847
93077,3.8128028
22265,2.3490427
42050,1.7867382
71111,3.6559029
8742,5.784488
96412,1.6009178
59638,1.845207
48716,1.6350684
91919,3.4147468
13054,1.9649839
87959,5.133625
72706,2.6161253
30387,6.343436
88707,3.6727567
4992,3.2200675
49192,1.357331
10574,1.3335469
9271,2.4517698
44778,1.1665645
88551,2.1572545
22803,4.066057
1886,2.743662
27189,2.076855
21427,1.671135
94340,1.4920473
19728,2.1212406
18034,1.5898483
89170,3.836656
78720,2.3805194
52225,2.856485
81387,2.3576994
66551,5.639983
101043,10.798935
100722,1.4807858
44663,2.633525
49987,2.31707
32374,2.6479883
84739,5.924429
21196,1.817065
55933,1.8463326
49890,4.30296
26126,7.454484
99857,1.220562
82377,2.8939543
84104,4.9920726
7607,3.17486
68682,3.28967
64353,3.4268312
54074,12.199516
42408,1.4423013
15089,1.6953297
15760,1.6624324
76501,2.6482317
58893,1.3290279
16824,2.2581701
7292,2.7743647
71866,2.162847
51711,4.217222
7087,3.04043
17548,2.5959377
12510,3.151669
25042,4.9522696
7251,6.7915144
50415,6.304124
32385,2.8766432
51641,3.7500386
52442,3.5944476
20258,4.357094
60193,2.0754569
10182,2.0491571
53769,3.6419158
46528,1.406781
92667,2.1140158
11608,3.3913207
58172,2.0827541
53631,1.8090167
67478,1.778872
101647,1.5853791
9835,1.3927991
37464,1.6568899
71655,1.6155534
33432,3.3734083
85685,1.2644787
82543,1.9665582
38566,1.2981033
81489,3.989822
54295,3.164112
101107,1.5381799
30500,3.1754751
100832,4.4230905
74073,2.0427773
9354,2.7705123
26431,2.683104
14583,7.0338507
36586,3.7102427
80520,3.260509
16720,1.6204121
91147,1.9730568
75634,1.0306904
30796,3.7113895
66188,2.1032484
1249,1.9283204
48620,3.2726998
55979,1.2951627
9193,3.2157016
40939,2.005664
40997,2.6479883
67157,1.8174644
38542,1.9210594
100420,1.7482944
94423,2.6543412
75493,1.3306167
99286,2.1337135
24107,4.94887
81469,1.7671735
17749,1.9040105
45823,7.488323
77427,2.5371916
96863,1.2378111
17038,1.9284565
88315,5.0527864
1385,1.6028347
89094,7.488323
92402,2.7323437
21356,4.7463217
59084,3.362908
43085,2.681836
41145,2.6048243
29836,1.3715
35746,2.1162536
51709,4.1630073
7028,3.9337611
93507,2.8653767
60662,5.1805825
30080,1.7082472
92923,7.8930674
52128,4.800729
51913,2.1874487
64948,7.692891
81249,2.4857786
18633,5.08502
50946,2.8425238
68762,2.316617
23242,2.8649058
7512,5.0570264
1362,6.2350163
19266,5.631868
88620,1.9306228
54134,4.3561597
57475,2.0723166
11098,2.8869889
55645,4.975322
1283,2.1991436
54399,4.7197948
48712,1.074081
9189,3.0607533
35029,1.8825252
92896,1.9625931
87601,1.4840138
27731,3.0432563
42525,2.3818412
66193,2.2903368
60207,3.2502046
9071,1.3804383
17182,1.6370695
26991,2.3398976
56683,4.5610986
925,1.3693833
33822,5.323038
52607,4.414332
63932,1.4088814
20210,1.220562
11582,2.7571523
72012,5.313705
11785,2.8852117
8774,2.8744824
82175,1.9095638
80144,5.6274824
24708,2.0863974
38221,2.5687075
42480,2.1663632
84098,2.1457605
65180,2.1531494
84786,1.928776
68713,1.8265522
8247,3.1276107
14388,2.547607
93734,2.4620512
35502,4.55954
97206,1.3387074
86276,3.7622323
77150,4.1558776
71289,1.8347619
74343,2.38818
33855,1.6444664
68330,1.3637846
50884,1.1575336
91791,2.2017155
41426,2.6043913
48601,3.0645795
65059,1.2382452
43373,1.6050465
5522,2.4377236
42603,9.335003
29460,2.9968517
25607,3.242981
46808,3.1606116
6546,1.9027047
30096,8.328944
30173,5.850131
80381,1.8938215
35901,2.5486724
38955,3.6296215
18514,3.0090442
60400,3.823278
23488,9.081577
26199,4.311399
6753,1.5618682
23769,1.9588001
49029,2.1188807
74615,2.2050943
74766,4.1857147
32182,1.2716217
10688,3.8587918
46001,5.344976
33141,4.7078056
68284,4.9215765
41985,3.6649566
71799,2.9861643
11714,1.6998172
14777,4.6000123
86125,1.9092202
31050,1.2275665
42406,3.8393617
7129,1.1810725
30164,1.7063603
63022,2.7601857
25533,1.7630057
48061,1.7294948
41358,4.458283
60692,1.1466718
33283,1.6970787
2544,1.8677266
53889,3.2191892
2022,2.2074556
60785,2.1341245
60873,2.2456784
86544,2.2476623
58687,1.8096259
67738,3.9534688
66110,2.8808684
55742,8.03956
59664,2.6543412
32968,2.3325868
32672,1.6946146
16571,5.411854
17446,1.1012614
30240,2.2767684
26685,2.3387256
27973,2.2097032
19531,2.8018012
19889,1.8566916
8575,4.7836986
40685,2.1491652
30539,2.1647992
75055,1.7599792
56742,5.3876247
12629,2.7770467
61862,7.0929604
20269,2.496559
69665,1.404355
27123,1.5567348
40745,6.0023685
1084,1.6057103
78316,1.845207
14001,3.0808597
55114,2.51055
23179,1.4307683
36113,1.0484633
45841,3.5408506
91534,1.0455191
85920,1.5351982
35208,1.1777134
88993,6.6899414
12161,1.6204739
44834,3.971902
18994,1.6838689
10894,4.819847
46695,1.6941643
64479,2.317526
97872,2.0068805
37991,4.898615
4147,3.3798985
29391,1.7779362
46640,5.0529056
39762,1.8783712
92040,6.8121653
38826,1.879226
95569,4.7197948
10839,7.0740786
86712,1.1947556
92357,1.1555145
31004,2.5903387
47906,2.3040671
44771,4.0820937
65907,1.9759419
95553,2.214584
59916,2.2713335
95675,4.888665
75094,9.8136
11688,12.199516
41168,3.2545652
1589,3.8050103
15048,2.3268476
12729,1.9498415
7571,1.8795104
64987,2.9711401
58411,1.679857
51175,2.0585432
82243,3.823278
19041,2.6353476
98780,1.9290962
64049,4.14311
77826,4.4194493
36157,1.3960259
83482,2.330316
49545,3.4168143
51283,3.0645504
99437,3.7102427
24546,5.3027806
1036,2.1592588
75833,3.9168205
533,1.8258901
1506,5.2383423
26251,2.0144472
57707,5.4491515
89046,4.5919437
59546,3.2985
90570,7.692891
21745,3.6026835
22219,2.2638795
75598,2.116818
33071,1.6815226
38012,4.4843583
28587,1.4631753
9670,2.2961628
61894,1.6584618
60972,2.6369944
34392,1.5759335
18147,1.8159208
66568,2.500438
5010,1.6872501
45909,2.8587668
10462,4.253098
70200,3.4778547
54844,1.1379199
29755,4.140235
33175,2.671535
3899,3.9420795
23365,2.540078
20696,3.634305
75860,4.30296
28765,1.6513441
80229,5.325572
64852,1.9282882
1621,3.1624942
16022,2.4742677
77551,3.090088
96081,1.9134402
36437,1.981766
66305,2.7280834
45504,3.7974086
80746,2.664729
28833,2.74427
44665,1.0963769
82743,2.7567062
99552,1.9101951
52915,1.7739692
71996,5.06164
48308,2.8328166
32249,3.0334115
13711,3.472846
38928,2.2024896
48332,3.58315
21191,6.782941
53827,4.327282
101137,1.7644379
39098,1.2417748
24358,2.4173934
9781,5.2791424
60653,4.951515
98356,1.6535733
35379,1.8788271
72220,3.814724
99216,2.2960386
88792,1.6880729
4296,7.8776045
21583,1.9687707
87461,2.9271898
51084,1.1416888
49129,4.408958
100829,5.9607925
15564,1.8682771
77473,4.589062
74072,4.089766
6362,1.7110865
28239,2.019415
84123,1.7503982
71654,2.281755
6502,1.2769883
17873,1.8092442
87145,3.2976108
45445,2.092415
55802,5.3829427
61106,2.151707
38085,2.1926498
47763,1.3637846
2205,2.198945
10966,3.4168143
54204,5.047045
76871,8.926758
55556,3.0912747
33172,8.926758
98832,1.4722209
34957,2.648886
3149,2.962032
59054,3.9652715
34267,1.6018491
81860,3.6287503
58201,2.1188807
44236,2.2109811
43780,2.7532842
24356,2.3619874
44113,2.091002
39302,2.434307
60203,1.7855265
29798,6.6899414
17893,3.443174
44218,2.4194942
3521,1.9992738
68707,1.2291546
21809,1.4980175
9877,7.5082827
90473,1.821245
41222,1.7896874
97195,3.310741
8728,1.0927534
51390,3.2136602
66080,1.4722228
13400,4.8328047
53549,1.4423459
4860,2.617239
35268,1.7045808
44130,2.209456
5901,1.4226174
48572,2.496559
68359,2.7154353
79632,1.396796
90051,2.1152246
65441,1.9854538
63663,6.5213614
56361,7.0740786
6329,9.081577
18494,2.7022333
32317,2.4824505
94932,3.5688052
54525,4.089032
747,3.8695483
72322,4.04299
84734,4.191891
38645,2.2814436
96423,2.9804432
80563,1.8407474
25402,3.756414
94016,3.8050103
87591,1.9190903
10466,4.961075
28021,2.091002
98449,4.009729
50366,1.4869528
48683,2.0611777
19913,2.0643687
32700,1.9821339
36901,1.388372
50658,7.454484
10915,2.9469407
22917,2.3585365
39390,1.7299316
45314,2.1958766
13403,2.7142308
56536,2.3824918
42418,2.2445312
68647,2.3084643
76458,2.1930475
81064,2.4616942
34135,2.7225637
36087,3.9652715
98723,1.3706217
56348,1.9973919
89055,3.0326166
49826,2.3105776
8395,2.8949692
42719,1.5482647
93058,2.2237828
26417,3.7097726
60184,12.199516
23846,6.6068807
97976,0.7650883
101084,1.5105388
36493,4.7131257
46208,2.2949994
49580,4.865966
42729,2.883199
79148,6.055011
99045,2.0863974
90629,3.0537548
37932,2.1680968
47501,3.392169
8840,1.9282882
34375,1.7203336
100580,1.4243481
58659,2.8532145
5486,7.0431957
50094,2.5978343
38430,2.6781077
46384,2.9072452
90301,5.038298
56747,4.723337
26670,1.462476
98177,1.1080396
81242,5.5041633
39859,1.9366531
33997,1.3706217
71538,5.0844994
10019,8.257706
22894,1.8699584
31280,3.148859
92961,1.6092496
24507,3.289012
40353,2.027378
22286,1.5805702
54898,2.4390247
79506,3.5501218
7296,1.7502027
69669,2.6048243
79937,3.6513739
33461,1.7198765
60285,5.5684214
84073,2.743662
46794,3.5844917
95499,3.0521517
17943,1.9732163
91890,4.997229
21351,1.4309604
25091,1.7867382
101430,7.8590574
25191,2.147605
72353,2.5993533
55058,1.6033566
82606,4.92423
97216,1.7285674
10999,2.1533053
31296,1.9430099
32202,1.7083075
38375,1.9427047
85641,1.5722396
2814,2.3880315
90487,2.692919
41975,2.7630825
66727,6.4627123
57508,1.9666746
10624,2.2534702
22384,2.1938875
100747,1.726119
97720,2.0596304
63293,3.491249
17624,1.5931859
54894,1.6116538
30777,2.2314458
78443,3.1367645
27628,2.4993243
21954,2.357019
9576,2.1466134
75878,2.0740502
9876,2.789515
70564,1.768646
35999,1.4110332
31990,2.0663183
37906,2.0017104
68870,2.2088501
12613,2.162847
11645,2.809237
56853,2.1278427
72711,2.7756214
1808,4.355924
50494,1.9291203
614,2.7922204
41227,3.2985
15044,2.586845
20905,4.7342076
6015,2.396032
9827,1.6599019
50441,1.752008
45756,2.8078327
61809,2.1627738
95891,6.7565727
25979,5.7850084
4359,1.2198405
96922,1.7528994
58052,4.28536
8845,2.782538
30781,3.4023962
42947,2.0343952
61657,1.9791591
94487,1.9759419
18910,4.833415
87584,2.0458648
90964,5.3208547
65589,3.6005087
89439,1.4722209
23953,2.520675
7343,1.9961276
94535,2.5161283
81259,3.0120354
85616,1.2283509
63896,2.0491571
17193,1.8211877
46033,2.0186641
33592,2.3930974
66057,1.1735904
36636,1.4160924
37566,2.7398827
12280,1.8667088
29862,2.6181
19454,3.845305
51759,1.7527978
90500,2.0664592
76668,2.1184769
51476,2.297401
44173,2.3616655
22417,3.850865
12045,2.6170197
13997,1.3429124
23841,4.3812623
46145,4.265265
75065,1.4678314
3330,1.6639919
57452,3.8960366
19281,1.769321
54360,1.7867382
28129,1.931854
61760,6.8121653
14481,2.047429
32801,2.3253677
99991,2.273184
6227,1.5737929
48258,1.6756382
52978,1.9518051
34792,2.831019
78999,1.9747465
28458,5.369999
9918,2.2561412
52124,3.349554
45206,3.5624995
44500,1.3897045
39974,3.7565155
71124,4.947327
4367,1.0963769
11762,2.4038322
24779,1.6630168
31548,3.249391
80080,1.7742918
17375,1.6526184
92134,1.5602057
36004,1.3602238
48624,1.7907073
13695,4.9007235
83772,3.5473466
29143,3.7496467
87545,3.3269734
78780,5.881552
29549,2.789515
85456,2.0073767
49842,2.2177703
23504,2.6782272
75150,2.4334598
11014,2.3677676
44887,2.4987872
47584,1.3585801
23776,4.603504
24161,1.2163947
49577,1.6045449
17970,4.14311
41857,3.097283
20843,3.0802493
101850,1.9668505
50879,3.0538592
97489,4.987966
19405,1.6079307
22209,2.2318714
10171,1.3631647
91239,3.9564896
60987,4.2520227
17356,2.1022632
30385,1.9068971
10748,3.3316731
71401,2.4670055
30896,2.2249844
92290,2.144148
56830,2.116832
38761,3.9428558
51870,4.074173
87841,1.920867
70829,1.3913443
33981,1.1903391
60713,5.775011
75864,3.0904622
35886,2.9403868
55508,6.0559087
22938,1.3429124
87011,7.6907673
18738,6.0656753
70936,2.5320628
69739,1.5172822
78439,4.9243374
40338,3.5025172
77069,2.2685966
37230,7.5082827
18547,2.4149978
82915,1.2376621
40088,5.2697787
31409,1.7358592
78777,3.4520698
60935,3.362908
31635,1.7892308
42046,1.9250855
30668,1.4025481
54462,3.9386034
12213,2.0325034
98122,1.7355175
28119,1.8798532
44861,2.5728772
86514,3.0682306
40606,3.024478
65984,2.4583836
77250,4.9319725
43545,3.3269734
28277,3.2230945
62993,2.8662863
62104,3.960343
26789,4.074173
47043,3.3760161
9911,1.2596352
90952,3.024478
1102,5.572733
10083,2.0863974
29271,1.3114796
50524,3.8764405
2248,4.9798326
59348,2.1498818
91563,2.1212406
39303,1.814111
85166,2.2170522
101717,3.3967466
65289,3.9954581
99830,4.4392586
77728,2.5763714
89713,1.3599412
12170,2.0925188
2397,1.4577909
12056,5.5970373
73334,1.3358684
99279,2.6216724
66959,3.2879825
56758,5.1429057
89359,3.8412147
56696,2.9674923
24031,1.3020363
82471,2.8988209
78293,1.6838131
6052,1.6162891
48468,1.1062849
17435,1.7396662
30183,3.8939095
65726,2.5466297
58775,2.1302838
63877,2.391426
37941,2.3970704
33105,2.1138406
9762,2.6967995
45684,4.927856
99196,4.9243374
21246,1.8729577
69286,5.232493
74572,1.9973919
22556,1.2173927
10812,1.9804432
98926,2.0156677
69527,4.327282
81271,2.4940643
70941,1.901968
62442,2.2567701
3905,2.2622123
44003,4.874326
86651,1.3148255
87305,1.7197216
74215,4.144354
52750,2.1877997
7330,4.9319725
76157,2.7630825
89833,2.438369
74333,3.0090442
54256,2.846695
39239,2.0917833
31174,2.378149
71683,1.4840138
5747,2.0171852
70792,2.520675
79861,3.2824545
3042,3.542211
58031,4.314698
58416,2.1187234
75646,3.6354527
21744,8.59415
24947,1.7285674
36498,2.231716
36896,2.2481668
2666,2.092415
87832,3.251688
37148,1.4208527
91382,2.3715572
77875,3.2110286
57022,2.1306803
86671,1.733295
95642,3.6420994
1703,3.9000163
81244,1.7143099
13000,1.5859985
54595,3.2872677
40532,2.8345907
63586,2.2742054
59961,7.4663544
84998,2.7758906
9947,2.3511636
48205,5.217442
7749,2.4204552
101161,2.1152246
95911,5.0697203
34289,1.7361517
53104,1.7620211
32537,2.8922863
64995,4.4392767
7998,4.9406347
43109,3.332026
42061,5.1847343
13582,1.8365109
38508,3.1214128
71536,2.8800979
39123,2.2767684
2181,4.357431
71709,2.035679
8470,2.9272983
34447,2.1533053
11016,1.8019371
24387,1.4778748
64170,1.9722095
86805,1.2086351
18970,2.119231
33727,2.6170197
35138,3.6559029
17007,2.2918062
90762,5.538289
99750,1.6344821
54779,1.17244
13928,1.9160216
96474,1.6059368
1637,1.7683697
13430,2.3071392
85013,2.4163487
43882,3.9317722
40848,1.4168591
2970,2.0316024
998,4.1223006
38015,5.313705
50051,2.616454
8833,1.9596026
14188,1.6528811
100473,4.579191
84231,2.0795412
28931,1.3057444
15788,4.584976
57550,2.0061727
13399,3.201644
8036,1.9482853
99755,1.4154029
26057,4.0444264
31097,5.9318852
18262,1.5817227
40678,4.5700855
51568,1.8585732
13311,2.3053758
98711,1.8109472
37617,1.8122954
3653,2.1451182
13757,2.0713165
10183,3.8761601
45390,5.2936006
79554,5.4758887
51725,1.1852374
50299,2.173282
98853,3.8962598
77613,2.011664
94540,3.9484096
13196,2.7891681
38669,2.2355602
91328,2.9603646
84236,1.792927
23297,1.286547
99514,1.9962897
22553,2.1541116
4312,2.2560978
21083,2.0372689
46234,2.099492
39307,2.1032484
81027,1.8798532
69639,1.8699584
91368,4.9439836
30054,2.077521
86999,1.882643
43493,2.7302692
41036,7.692891
39139,1.8828981
52248,2.4473553
86076,1.3412178
48497,1.2872434
54137,3.6479726
17337,8.285995
53988,4.2732797
71213,7.454484
21133,7.1300917
18882,1.4795125
87038,2.11789
55777,2.9518294
50620,3.0056782
55929,2.5244143
62309,2.8776221
49434,1.8847399
90656,5.6644506
34787,1.4866171
36030,2.0093508
46180,5.508467
77237,5.056388
11638,6.0659137
31282,1.7450123
43770,1.851593
84210,4.7124147
31816,1.8807828
17554,2.1169007
25952,4.590164
56473,1.4861224
61100,3.435741
64103,3.201644
36992,1.1539748
36454,2.0073767
58379,1.7366753
53539,2.0283475
51626,3.008597
6056,2.405301
50654,2.7892494
90970,2.1219714
59786,1.9961276
55980,1.4763188
12815,1.9482853
98716,1.8713584
72078,3.0985289
81287,2.0511703
66638,1.9056346
58784,2.2787902
94266,1.201004
30282,1.7579894
10645,2.3314834
66226,4.4597964
20449,6.8121653
79821,1.537262
45163,3.647171
16929,1.814111
50818,6.711774
24504,2.0171852
96918,3.249391
40763,1.9190345
8084,1.9596026
54947,1.8464782
80272,1.9373665
67607,8.701363
82231,1.7653177
90634,1.3659849
59973,3.253652
21111,5.1007667
4529,4.4403434
73833,4.6282506
39650,1.6308143
3554,2.0104241
79273,2.3145807
52735,2.3181973
29464,1.9291203
29652,1.7208548
17266,1.9282882
37855,3.7601428
34325,1.2378111
26254,2.616454
82014,4.055909
27240,1.380965
45565,4.5919437
54945,4.259393
3198,3.4518132
6318,5.3876247
20426,5.0483427
28787,1.3267186
29866,2.6543412
99952,1.9068971
59764,1.879226
96427,3.6946154
89865,1.4160566
64077,2.3398976
15056,1.2173927
98477,2.3557777
56584,2.0056603
89965,4.256949
67796,1.9814758
81693,12.199516
14404,2.2680516
81787,2.6281872
39770,3.1074057
38597,4.4318733
23234,1.503279
18088,3.7097726
80521,2.725613
87274,1.8174644
72144,2.1219714
27138,2.030019
41632,3.191493
100343,1.9663482
22802,1.370872
61453,7.8776045
90452,6.3027725
63577,2.4576433
40987,4.327282
69865,4.2859364
17012,2.228609
69659,2.3866282
54624,5.2484293
93022,5.0397253
17990,3.0598779
82615,10.396255
51819,3.4858527
6330,4.94466
53518,2.3805194
51730,6.2036033
23829,1.6682105
83344,1.7646108
83961,1.2864597
92847,6.393273
37546,4.458283
12726,1.4250357
15192,2.0863974
47527,4.191402
60245,2.4327898
15034,2.8107073
6770,2.219751
96405,4.9940863
33552,1.1752393
241,4.8089294
95885,2.307408
52325,1.7635176
18284,2.2270584
12262,2.2694712
38024,2.9844444
69240,1.4152381
26655,2.4382026
14415,6.13412
85462,1.2730892
33647,2.2647104
22610,5.232493
6580,9.081577
50384,2.380783
21182,1.7181792
50045,2.4156785
17117,1.972137
75466,3.0090442
29252,1.3707945
21953,2.6020417
62842,4.9522696
55371,6.219506
58204,4.283106
57316,4.0132375
94584,1.0798211
87194,5.278392
92997,1.893884
54297,2.300307
62656,4.7439036
54091,4.5746017
8941,2.4876041
32073,2.3651903
72603,4.4490733
1598,3.9785647
71027,4.410188
21780,8.493467
81794,6.4071426
77865,1.4947147
30370,8.642235
41682,5.232493
81876,1.9366531
7523,2.8018012
85987,1.3672826
43696,1.7653177
91950,5.732869
64658,2.1964073
91656,4.592155
99185,4.156284
23011,1.2279427
53339,2.5965853
27946,1.3372264
94105,1.6537366
88181,4.297131
34250,1.0953796
41356,3.1932764
62221,1.4786863
34259,2.709364
101678,1.950902
48773,2.553721
42641,5.025762
84129,4.309078
92383,1.9515975
23548,2.0901124
73440,4.156284
2699,1.8859787
4452,2.6048243
2674,8.276534
2330,1.7336822
82556,5.056388
7674,1.9456205
50161,5.098755
66664,1.3616979
72246,8.701363
6683,3.823278
13210,3.221786
20349,2.2571774
23169,4.1663995
97397,2.1878803
67171,1.602268
92429,4.5861
35877,2.3706188
27207,2.0967808
79292,2.6597528
86100,2.4151158
78918,3.2200675
51852,2.1162536
73639,1.7361517
62239,2.0750508
30071,2.0989866
83259,4.4996686
17417,2.5965853
524,2.439169
56170,1.8300397
12642,4.1418533
77344,1.4065726
4905,1.4283452
23922,2.954508
56707,6.978984
42475,2.818898
55261,5.6879168
22028,2.2560978
93025,4.3561597
56077,1.3569617
35987,2.9525795
85474,2.9272983
90936,8.328944
818,1.2535083
78710,2.191003
36758,7.047103
99722,3.670529
25700,1.9068971
37166,2.262578
48313,1.6160209
61627,1.9738798
40104,1.519664
25995,1.3500025
55162,2.300307
19620,3.0521517
82722,1.6387398
77523,3.1930156
20241,3.8587918
34074,3.4578977
9973,1.7099173
84159,8.580944
14819,8.328944
34865,1.562077
13628,2.6508622
6355,3.5631838
19994,4.4165344
72264,2.4517698
48719,2.056629
19779,2.037509
25475,2.703519
78129,2.0164115
77843,3.6419158
38429,5.732869
21666,1.4686906
22479,2.2487037
95851,9.120837
28438,1.4959698
93488,1.3222363
95766,1.0963769
41827,5.8292813
53859,2.9072452
48635,1.3275874
94749,2.4309676
12331,6.13412
7164,2.5689137
43857,3.443174
25887,4.079862
69948,1.9742932
68597,2.4959683
49538,4.1630073
96413,1.355715
92187,2.8258924
84114,5.1783476
32047,2.3489418
96173,4.1683426
8634,1.6998172
72838,3.5561957
16323,1.8159208
86288,1.7734575
45787,1.8349419
57016,2.73256
35814,2.9594889
41904,1.9697342
65669,7.5082827
18535,1.3616979
73039,2.4025033
14306,1.5853791
83082,2.8708546
70736,3.8643332
36631,1.9974716
71147,2.7632544
8078,1.6312563
72425,1.604173
64850,2.513946
59083,1.6850321
1348,1.1071196
31262,4.1160254
55086,2.9457185
87106,8.701363
36784,3.6517239
84645,2.9117405
9471,1.3387167
64404,2.2404492
59275,12.199516
4024,3.4578085
17136,1.9164336
78734,1.7300458
40726,1.9597003
20117,1.8877525
48011,1.6768856
22807,3.9120226
59371,2.7039077
50370,1.7507622
70762,1.7285101
37082,3.3906636
61514,6.2036033
11367,1.8182015
101192,2.7708347
70968,4.4630213
40286,2.1699123
63571,5.1783476
30581,1.6998732
58877,3.0517492
85419,1.7848237
25027,4.95547
92870,1.4900563
60910,2.2659965
80363,1.1807272
53605,2.3957942
1686,2.0474756
95678,1.7173986
92640,2.0958726
46800,2.4948146
54982,2.1716719
8162,3.5210629
87362,1.6651642
53280,1.0225656
23834,2.5164878
52581,3.6671348
46004,3.9420795
76034,12.199516
14907,2.7610462
40126,1.6728387
78503,1.1284287
60292,2.229737
53831,2.4865541
86153,1.9993832
19248,3.4466271
12731,1.089436
73215,3.1812239
13473,3.55476
23546,4.657044
100554,2.1699123
76708,1.1777134
101726,1.9757836
57264,2.0521128
30296,8.701363
63986,3.5711193
98067,2.8600674
24757,3.1421456
66846,3.5905695
48736,2.5636115
91285,4.800729
95692,2.6552763
80724,1.7640445
249,3.3490415
82947,1.2576947
64443,2.171502
12362,4.2518497
9368,2.0427773
583,1.643558
50305,4.038236
46514,2.0278862
45737,1.7831724
18996,1.863857
89742,1.578695
5976,2.2334476
85767,3.355793
50256,3.681254
19955,2.9571004
88502,1.1492159
986,5.4582906
11483,3.8788319
4249,1.1492484
37404,2.5361168
28737,1.9282882
37953,2.9790068
1390,1.9948044
56729,1.6317978
48142,2.5996227
65564,5.6442122
12957,1.775398
35876,4.95547
91657,1.6028857
96738,2.3239803
33620,1.8370185
81502,6.4134517
64868,5.2621474
84493,1.914161
23654,1.9160216
101705,1.4373968
15565,1.5524855
35431,2.193225
3561,2.694613
50968,2.0068805
1987,1.8122954
95670,2.8865478
99335,4.728403
9982,2.9710753
883,1.5781496
65573,12.199516
96382,1.3405285
87885,5.2615294
19711,2.3458655
61236,1.7297132
31357,3.0120354
83749,4.367874
2543,1.34093
73360,3.3967466
76797,3.365037
41341,2.2949317
51496,1.9982929
47934,2.5250428
84106,1.7848237
63309,2.756901
88760,2.8719943
46132,5.2993765
83090,1.8667088
27631,2.8345907
63934,3.5843463
43944,2.1089683
99802,4.1319737
60674,3.58315
74002,6.850868
21694,2.6452444
82831,4.482289
26781,1.2721262
37588,1.7347469
37999,3.603447
2883,1.3240216
48136,4.296938
98391,3.6113496
60291,5.8483834
45494,3.6191287
41747,5.119029
64058,3.7234073
78484,2.1762545
37620,2.0217237
7519,3.066339
3867,5.400738
37062,2.5515528
20989,4.7439036
90480,3.5897074
92035,4.2402062
31604,2.735216
64856,2.6113389
68154,2.6793056
73538,2.7412632
69049,2.5515528
5046,2.6369636
42812,2.120817
76268,1.5469263
78093,2.6061943
60126,3.607442
78427,1.9596026
29376,2.7300954
69253,1.4243481
32660,4.7250834
47951,1.9345379
81162,7.8776045
61059,5.9958696
32893,2.3333204
100359,5.771432
27202,1.9282882
32685,1.7031028
4159,2.127328
96403,4.423401
26385,2.4583836
37443,7.692891
98287,6.122151
53463,4.2801976
74453,2.524108
6458,1.2291546
16305,1.6586266
30399,1.8635039
25408,3.4171333
41067,2.306117
42891,3.2522302
85293,1.9585683
36945,1.6669083
39881,1.3066239
38056,1.7808554
74585,5.5970373
78601,1.089436
13148,2.2464657
73324,4.2888184
12523,2.889674
88281,4.8821726
85771,2.2560978
22116,1.9513006
43623,8.00615
83433,1.9231112
12861,2.7297623
2105,2.098637
2942,1.7470703
55689,1.4722228
58756,5.881552
55397,1.217854
33058,2.7545953
61538,5.8974843
89740,1.199403
27459,2.3145807
61565,2.4926393
96374,1.8015978
89122,2.0538635
22085,2.7575765
45457,4.867256
25835,1.8122954
101638,1.0455191
94819,3.253652
85597,4.135533
61004,3.201644
10786,2.485292
55692,1.4654837
58436,3.6523585
97884,1.4722209
11777,1.4984453
10717,2.6575215
51797,3.7278366
34573,2.241461
70603,3.5426373
43867,3.2095127
39301,2.194486
47293,3.1113462
74524,2.4616942
99083,5.6442122
17651,2.162847
57034,1.5379469
87551,2.0917833
45830,1.5379422
42619,2.233093
77248,1.6125424
45007,2.0009239
81118,1.1566293
87709,6.267904
42614,3.5132527
23849,4.595538
25444,1.3552966
40350,1.950902
93056,2.5136552
98456,1.9759419
15271,1.9757836
46532,2.7300944
100061,2.1940732
26278,2.7338653
54933,2.6766253
69479,3.4924903
11461,2.2492826
49616,2.1078541
87262,1.6634345
92514,5.1399918
98041,2.1033592
33135,4.2819166
60019,4.603105
43530,2.834353
26796,6.978984
42904,2.0056603
49507,1.8476202
74368,5.6664953
53873,4.0444264
38026,2.1620266
3287,1.2291546
85472,2.8833587
42477,4.3739095
41072,1.8409874
98053,1.9995549
94100,2.078454
8631,1.180013
101552,2.137141
96875,6.4234853
40429,1.2454345
33249,2.8800979
23306,1.6618788
71766,7.8590574
98795,2.5616155
15886,1.8644922
65593,1.5909135
4106,4.3155713
87635,1.6737394
88457,5.325572
53745,2.6406963
7562,1.9688611
46395,3.275722
10765,1.7450123
53510,5.368899
67388,2.3151572
76043,1.4872513
13317,3.4885345
4939,1.2223806
56246,3.2976108
27056,1.8080997
59684,1.3148255
51271,3.0872755
93704,4.055909
42809,3.592811
73883,2.8656702
63852,1.6155534
51103,2.9536054
34883,3.2326765
95297,1.8405838
49670,2.024979
65795,1.9054604
54228,1.8722055
3001,2.2949994
17306,1.9829845
30803,4.014087
53965,2.2713335
30661,2.8018012
39723,2.4528599
59889,3.6049733
58983,4.9439836
33062,2.9144251
93015,2.3340228
848,2.2372687
66832,5.8962083
98625,2.079248
62828,1.588804
70547,1.7185783
50838,1.9366531
69259,1.3512628
76073,2.8696892
81357,1.8889089
9513,3.9739246
11851,1.5248029
82569,2.5506833
30444,1.4846694
75781,2.3061886
24959,4.1990833
64979,4.384131
11934,3.2892923
23509,2.8853314
1903,3.9652715
16094,6.2976074
76012,1.8139908
52920,4.8423133
21966,2.4151158
22062,7.2782373
21376,4.9243374
85286,4.9673433
100667,2.3458655
91121,1.6266141
101352,1.4065726
56870,1.1830885
79069,1.637723
66097,1.9427047
35173,2.9864898
15890,4.280715
18098,1.7851186
27293,1.5376055
82808,1.9869344
79281,1.4678314
36513,2.357019
62478,3.8161483
27166,4.417672
66882,5.249085
83237,2.3274333
13586,2.9768353
64857,1.325465
54954,1.3306167
68745,3.5563865
47904,4.798222
90397,1.4307683
71175,1.098712
31110,2.2804193
84019,7.8776045
25310,2.194652
36715,2.7758906
45137,1.8182015
70177,2.7151842
59007,2.7827017
99264,3.3950891
19115,5.0172353
68950,3.3276663
52087,1.7811179
67914,4.16433
54710,2.0226774
25736,2.2522562
19203,1.7804465
12384,2.8988209
25318,7.6474543
9872,3.7391224
7305,2.4726996
2090,2.5635052
77972,2.1325684
18600,1.8002689
6061,3.1067562
94901,1.370872
89244,1.6962836
58328,2.1022632
50405,1.1072962
58698,1.9530325
66059,2.2822042
62162,1.7073438
73669,3.6169806
42330,1.5317912
19109,4.916423
45621,4.091701
69454,4.2296624
36118,3.6777048
74268,2.291604
92945,1.1344275
31129,2.4200585
95012,2.1878803
29348,3.090222
99162,3.9317722
74683,5.246453
44430,2.338748
33953,3.0517492
69546,3.55476
65424,3.4906058
41448,1.8111238
65417,1.4693549
100333,3.4167585
64343,3.1117058
89801,1.9408457
36247,2.3540912
84917,4.7463217
46382,3.603447
37739,1.1401062
19121,1.4214118
67817,1.1903391
19003,1.7581263
16982,2.2146003
57929,2.6942215
82840,3.1828418
48009,1.9235785
12003,3.248838
55838,4.4403434
14805,2.9991856
63621,3.491249
61707,1.9668505
16814,3.365037
40924,3.412331
49662,1.4923089
5033,2.7877781
47832,4.038236
18153,3.0347748
9088,5.6442766
88133,2.598039
63461,2.1329706
42332,3.9317722
4734,4.113398
72515,1.1142676
21829,1.4803605
72882,2.200323
98360,2.6245615
80457,2.2659965
99077,1.9171088
69337,4.8595138
67761,4.539546
97542,1.5819583
97232,2.2560978
68959,1.8544254
5727,1.597841
41521,1.3066239
912,1.2173927
83980,4.863674
32006,2.0245886
57753,1.4537096
89621,2.593651
95534,1.324677
91966,2.01451
69029,1.7695067
54451,2.1496274
82366,2.1358206
66124,4.295208
82087,1.3564355
14733,3.6829538
60618,5.3748736
53064,2.1938875
73172,1.1665645
55997,2.396032
51917,1.6453416
496,1.2223806
58156,1.5750425
26220,2.3603458
78087,7.454484
73827,5.2993765
85027,1.827307
12053,2.2918062
495,2.34387
39845,6.3328457
21833,1.6116765
66826,3.2187266
97610,1.8478348
21876,2.3178809
52984,5.881552
80589,1.6084268
84030,1.9042983
91429,2.0325034
94516,2.6286547
16762,1.2102516
56898,3.60843
73750,10.481795
55311,1.0110312
47885,2.696973
96416,1.8259087
10339,1.1658561
26378,4.863674
68317,4.020828
41986,1.0148752
10665,6.6899414
4084,1.9937091
60537,3.3358536
91712,3.8960366
5140,1.5144153
76075,2.2571774
100142,3.0661507
73580,4.433473
81201,1.5922089
53587,3.646556
17818,2.108965
85485,2.1823273
26495,2.1653123
99394,2.3284557
69529,2.068918
95391,5.5684214
57195,6.0559087
78057,2.0585432
7133,2.0122836
16025,1.006969
14197,2.586845
35961,2.2020597
58958,2.4475324
67560,1.9164336
73916,5.2484293
84102,2.1816287
11424,3.22156
30123,1.2210107
99160,4.478474
89157,2.6048806
29779,2.1991436
69635,1.895689
5937,2.092415
80705,3.0645795
20148,4.584048
89642,3.2200675
8299,5.217259
73851,2.827243
31898,2.5413136
6857,1.7772868
8172,2.2037039
2471,2.9093723
15771,2.1033378
22719,1.4920473
81133,2.4309332
4051,1.6998172
76455,5.576693
23723,4.3560905
57830,3.4521766
80265,1.2121861
56894,1.7907073
95926,3.0403714
74899,2.0154433
98174,1.9578576
98193,2.3979335
93020,1.835851
85290,1.6728387
99847,3.103498
61974,12.199516
89986,4.2872686
33863,2.7417905
34624,1.2816863
45357,1.9357245
52094,9.081577
33268,3.228263
21292,3.9198232
101096,2.1930513
50423,4.292422
67562,6.148965
92783,4.5233808
30108,3.9931622
29756,2.5468526
40159,2.2555099
91387,4.543496
5605,3.0719905
61609,1.6925857
52014,2.4876041
85464,1.272507
56057,1.9759419
52939,2.525336
12555,1.6977661
83382,1.1492159
4991,2.0589647
31106,1.9883151
12039,2.274531
18161,6.0799303
16894,1.8354919
7027,8.276534
99916,3.412331
12702,4.1630073
45152,4.2652307
81264,3.0808597
74670,1.649888
48934,2.8389072
9888,1.8125365
74143,3.8560996
47748,2.3881996
19062,5.6263075
39505,1.0049136
65162,3.8730311
94572,3.4823074
3072,3.1519375
9406,2.3268476
51846,4.1952977
6035,5.735703
60925,4.1969523
84275,2.120817
70609,2.6452444
9206,1.3564355
69708,1.8402917
46602,5.4208803
88126,1.6922894
98874,1.9759419
20245,1.5591912
71132,2.2571774
33234,3.8473463
5832,2.3418384
93284,1.8238773
5784,2.7022333
34919,1.9722095
23781,1.7288749
97547,4.2602463
53804,1.9869344
29373,2.6750004
2434,5.2866607
82309,4.92423
90683,3.2252216
95036,1.8675244
18246,12.199516
83722,1.6067209
68502,4.4788823
87622,2.831035
42295,3.646556
10035,1.0455191
24725,1.9073508
63732,2.3731902
46232,3.518765
28928,1.7294948
60089,2.1016572
8019,7.0740786
63825,5.952231
57563,1.3587158
92591,4.1400933
58144,3.0155344
96681,2.1389456
44275,2.106618
37892,5.009704
90435,2.0409489
85510,1.9993832
32082,1.821245
82717,2.0245886
92325,2.2020597
48204,1.7233315
64684,2.2037039
54580,1.34846
93440,4.4843583
81638,3.5072641
19808,2.5384998
3950,2.2768695
59960,2.0285804
28162,3.2618666
2910,1.5101049
73013,1.911593
34613,2.4163487
14187,4.980785
7668,2.2135286
3468,2.9853864
61619,1.418716
45316,3.5705142
23150,3.9062977
58628,3.0155344
20764,1.5271757
28645,7.3982363
81735,2.3284557
47373,1.5047662
58061,2.8151886
78731,1.9961276
49265,2.0824373
74740,7.8776045
90684,2.2610478
82077,2.078454
96063,1.9860241
60314,2.3844993
8106,2.6800454
74249,1.8476202
74955,3.9897385
22738,4.8931403
53543,1.7635176
34162,2.4218426
22493,2.67413
88384,2.4037473
20029,3.4801073
7314,2.703519
51061,3.5383787
55515,1.8159208
67015,8.592834
13981,4.9255896
6398,3.6420994
15429,1.6058815
33064,3.7484455
1259,2.6452444
90398,1.3275874
47467,2.1762545
6763,3.8497262
48784,2.616454
93941,4.1258497
19932,2.0325034
29993,2.2653031
40108,1.5628917
14037,2.3833492
48110,2.405301
49908,3.927052
7643,1.935406
81199,1.3897045
42593,2.0774484
39089,3.0263853
72854,3.542375
56503,2.3284557
7947,2.8717048
47694,1.0148752
23891,2.2659216
10548,1.6748438
74940,2.0229397
53637,5.379477
30852,2.4331315
63846,3.603447
47990,1.9993832
27783,2.3163834
14359,1.8711493
80157,1.880548
101399,2.5337684
98596,1.044308
88065,1.6706319
81683,2.639761
43280,1.418263
16275,3.2325454
51925,2.5515528
58637,2.9157376
91427,4.4392767
48529,1.6691909
86053,2.4757338
73349,5.368899
73869,3.0255437
21253,2.797553
52229,3.6794505
18628,1.8613143
59911,5.1429057
1917,1.1261337
99749,5.7524276
47563,2.4511707
76875,1.8464782
37652,2.2839112
11323,1.5567348
24755,2.0229397
446,1.2873421
79014,2.0843627
995,5.0397253
98727,1.2735603
61593,1.9290962
15074,1.9498415
52803,3.6484995
74469,4.002712
17867,1.882643
26350,4.3593435
89785,1.9363062
80068,1.7507622
30338,1.869184
23828,1.9381795
58283,4.144354
8857,4.1958876
100357,2.225516
48210,2.3314834
18920,2.5498064
67737,3.0284529
79789,9.641228
70965,2.0316024
75548,2.0171852
78206,2.4876041
88390,2.6181
80503,3.191493
93245,1.8925748
95550,3.0676079
97641,7.127123
16234,5.313705
65409,1.8865697
62710,4.0416336
33441,2.96233
1731,2.6552763
87433,1.9104345
68323,2.1287415
1600,4.432743
4397,3.927052
36802,2.2941544
69852,7.4157047
32204,1.3630433
20615,2.1314971
19736,3.083902
47691,2.6674905
41973,1.6513441
70897,3.9266815
100438,4.603105
77016,1.9887977
18048,2.0131328
50882,2.1647992
48141,3.2230945
12287,1.8979907
19963,1.3626139
63522,3.961032
76481,2.6221807
37497,6.393273
91475,1.5039513
6952,2.8739712
84181,1.0963769
58744,12.199516
18787,1.9482853
92447,2.7372828
4260,2.4433088
4985,1.3712339
71048,2.6543908
99268,1.6526184
13941,2.027378
16547,1.082367
40531,3.5835376
74418,4.4490733
49781,1.2490981
95690,1.9102461
45670,6.2488155
74694,7.97628
35576,3.1838908
64555,3.6819777
3237,1.8161218
63707,2.397999
27706,1.8159208
89276,4.092739
532,2.2030993
100241,2.9696865
48187,2.4364374
82403,4.622456
85545,6.448069
41614,1.6988735
18014,1.2951627
42556,1.9314144
34528,1.6332028
67498,2.7443776
56017,4.4193344
19472,1.2163947
24760,2.617042
34572,2.7686458
20471,2.21412
91034,4.1289725
42718,2.916687
12074,6.2488155
26630,6.6899414
76128,2.8387778
85024,4.0532784
82940,2.8305793
3866,2.6409645
33474,2.0633738
28254,4.2141156
96242,1.1261337
69501,1.1633365
94252,1.9386218
4855,2.0895524
95298,4.2328277
53110,3.6062474
37025,1.4497504
89002,2.0710728
83489,1.8865697
55809,1.9630749
67026,7.299719
57363,4.706912
93677,3.5002022
40714,1.3512628
63593,1.6954043
85219,2.1179774
53169,3.116829
48598,5.630769
20963,2.2567348
29947,4.1580224
79575,4.483267
50088,2.2801654
57849,2.2618358
13096,2.2756007
86054,4.9949546
90467,2.7949324
81158,2.1653123
12710,1.4423013
94435,1.6941643
101301,3.3303661
66050,1.7962348
56809,2.3398976
94613,1.3568895
73457,6.0559087
31242,1.8337481
41266,2.1531494
60055,2.6185787
94177,1.6308143
44018,2.442927
87561,1.800359
60545,3.1932764
51082,4.0338407
60933,1.9476213
39958,3.1983085
51300,2.2766142
57453,2.307408
50234,2.2135286
49087,1.4373319
69741,2.0673614
12294,2.147605
58304,2.3654985
58944,1.6350684
14383,2.4784293
100827,1.7233315
89997,2.9072452
36673,3.5120316
42831,1.6697481
93382,1.6205771
62022,1.93185
87805,4.8636518
45782,5.056388
3051,2.3970704
65598,3.082333
95459,1.327991
95988,4.5349283
78407,3.024415
70231,2.230278
77888,4.9086695
76372,2.0500917
5512,1.8577466
10728,1.9430099
70590,3.971902
75799,5.834569
61515,1.8370185
8556,1.9219949
46358,3.989822
87291,2.7412632
8765,2.7338083
47070,1.4143553
61302,6.3027725
65376,1.9663482
18577,2.9840004
68463,4.159818
91193,1.4812248
61606,2.6105976
27598,2.244047
93561,4.798222
75716,2.6181
90181,2.0541763
27801,2.0571504
91261,1.3320088
44481,3.0199513
15708,1.0707388
47852,2.0500917
100264,3.6773105
60135,2.352026
78271,1.7711656
50826,2.815959
32007,3.3913207
8842,4.275273
8610,3.8939095
49518,1.5990586
27964,1.9735329
61883,1.4492636
83329,2.2987792
41531,4.515306
42262,1.4634843
67893,4.822562
90034,2.6689224
82312,4.0675106
15486,4.118433
69077,7.8013163
72219,5.221186
3679,1.9569042
9961,4.6723843
88303,5.047045
66373,4.4411173
74715,2.1219714
82951,2.173282
93512,1.5973518
75603,2.2647104
88599,1.0893192
69326,1.8276324
65879,1.7507763
39599,2.0506048
86059,1.9482853
51407,2.5730026
905,4.563182
55934,2.7922204
76528,2.6126587
70104,3.2620754
13296,2.0285804
52739,1.7810242
45976,2.050741
48949,3.4858527
22402,3.89394
66388,2.1955853
88833,3.3760161
51340,1.3304591
58363,3.8998141
94763,1.879226
95563,3.6727567
63543,1.5497077
40231,2.0397184
29144,2.3062763
92162,3.7614942
97213,1.6819389
42650,1.8982458
70629,3.1117058
26565,2.3304064
25662,2.2412817
47422,1.3041983
98311,2.6048093
17075,2.283211
29950,1.378408
72523,3.002327
27533,6.122151
53181,12.110724
13031,7.6245356
22648,2.1300478
89389,2.0154433
7901,1.7150836
58109,6.5483007
101692,1.869184
66371,4.4111223
37628,2.1598547
722,4.8963118
14759,5.4430556
88968,1.3124402
37844,8.328944
28754,1.4080215
34182,1.2868385
14107,1.9326093
5109,1.388372
45893,2.5131862
46933,1.9484262
548,2.7633486
22914,1.1478021
56105,2.1955853
84778,1.4005401
274,2.1391866
64963,5.278392
42946,2.8151886
46502,3.4309483
98243,4.59941
99372,4.8787804
5579,1.7370663
15087,2.0230134
29951,5.056388
61959,2.4227362
20146,5.3238716
17456,3.1929226
14632,3.2381334
70913,2.453436
24732,1.6925857
54047,2.13817
31558,1.5379422
14706,6.2140203
22290,2.6711318
3418,1.8938832
91253,1.9928164
19049,5.6442122
34107,1.5164559
8766,2.8018012
50093,1.8276324
63138,4.9799004
11038,1.2311373
40648,4.483181
82486,6.7775483
5648,1.9874425
16937,3.5705838
49464,2.9866803
25811,5.631868
75422,1.9914811
77111,3.07478
19748,1.542762
60429,1.6225922
37909,1.6455369
17574,2.739518
86604,1.8570323
92117,6.26532
90760,1.8914709
47199,4.5770693
33154,4.2770953
72478,1.5089531
47732,2.2987235
20657,1.5504284
67338,2.0217698
60315,2.140145
73822,2.3392148
89822,7.8776045
57000,4.0532784
98741,5.007361
36461,2.3230503
29339,3.0182333
44830,4.8787804
100187,3.756415
81433,2.3148577
55443,8.926758
87936,4.3039184
99136,1.6998172
20500,3.3937073
29432,2.1006756
54113,5.162038
32743,2.9436781
14429,1.6634948
22785,3.8383775
87826,2.0678356
38362,4.9255896
88884,6.0656753
28231,2.3098824
18827,3.4866724
59818,3.5820465
51881,6.026715
96520,3.0001068
66374,1.2707651
5563,1.7804465
44679,2.5886993
19462,8.276534
34638,1.5767391
26926,1.528197
66601,2.3216784
21165,1.901727
48887,4.0338407
46734,2.496453
54730,1.7653067
95575,3.5844917
7082,3.1993594
42351,1.7831724
66612,1.636358
11093,1.3866222
91318,4.2117286
15490,1.4082892
57380,2.91611
41575,4.559169
57423,1.6730413
91559,2.9756877
84286,2.4943142
74489,2.664729
90143,3.8812737
38598,1.583889
20825,2.408173
55822,1.3192017
97083,4.3984838
91988,4.7197948
72234,2.7411077
59498,1.9476998
1494,2.116818
19375,2.244047
2497,3.8262033
26453,6.4134517
57274,1.9663482
100773,3.8223882
101242,3.6819777
24409,3.3953395
36917,4.2328277
12271,4.156795
57890,12.199516
56202,1.9791529
30474,1.2913604
88641,2.7208006
67235,7.127123
27469,6.71371
65415,1.9321623
1652,1.438688
23501,2.0348015
88069,1.92701
97803,3.194148
99230,1.4900563
15789,1.4208527
52707,1.7887349
35601,1.814111
47791,3.0767326
55963,1.271972
20904,2.6912298
3317,2.033741
87244,1.7721412
3578,2.631224
7528,2.8766432
95355,1.8889089
78148,2.57654
89659,2.666868
35054,1.4324589
63950,4.0532784
5494,2.3941371
79521,2.087805
57175,1.5754106
18288,2.1755407
34206,1.7504444
24577,2.2930057
73777,1.1555145
39036,5.210864
6596,2.9632905
85119,2.2760015
23628,2.898656
87103,4.4403434
74382,12.199516
92599,6.5774593
23810,2.2961628
35391,3.7917376
21067,3.6479726
74392,2.2135286
63845,1.8159208
77031,2.3314834
1422,1.8265522
54054,2.0852757
41373,2.2534702
31947,5.3027806
35493,1.7741747
96652,1.9697342
51740,6.520194
99209,5.6828704
35627,1.1903391
54610,1.9860241
78413,1.6880729
57168,5.056388
35331,1.7064514
1051,4.6592155
86315,3.6126356
8252,2.3032296
46343,1.9961276
54749,6.8121653
64073,3.845305
14362,2.1878803
4001,2.0486543
28712,1.5789409
62446,5.5409102
49558,10.547862
66078,1.6920149
101758,3.0661507
97554,2.7758906
17660,7.3210144
8584,2.1389456
12049,4.662826
50784,5.548644
55447,1.4818447
14027,2.4857786
80641,2.8555808
66385,2.077521
48149,2.0384853
52364,2.5076423
81129,4.2328277
88861,2.1388571
94567,2.1075535
64645,6.5660954
27937,3.062231
10992,3.5560322
30855,2.7633293
8403,2.3121855
25679,6.0775523
32367,1.9418397
12180,2.7827017
97538,1.7503982
58289,3.413795
64499,1.9735329
79492,3.3950891
78965,3.5125155
99080,3.7042232
58281,1.5405014
89852,1.9806056
5711,1.6332028
36659,1.7502027
33660,0.9506924
85098,4.62103
11311,1.7793243
57979,3.860879
416,5.060526
46871,6.3328457
50823,0.58441615
101920,2.158741
36195,3.4828143
25311,1.6754255
35166,1.5529132
100587,2.4098294
59176,2.1184769
55487,1.9861808
7871,3.7565155
32185,1.0663111
90884,2.496559
89590,1.7150853
47837,1.8092442
2009,3.3064957
9744,2.264234
76292,5.278392
76009,4.410188
92289,3.3000016
26998,2.3540912
82675,1.1076431
88019,2.3833492
67463,3.2570457
37333,2.0852757
36993,1.203686
62392,1.9361465
95788,12.199516
47532,2.9106495
33190,1.6505039
100005,2.8224592
40792,2.5106065
70802,3.785698
86771,2.3295968
45882,2.4857786
24208,2.3540912
81662,2.2059858
34353,2.9730558
17746,12.199516
95635,5.0951495
20792,4.670551
80867,3.3913207
46634,4.665006
2652,3.8398733
92955,2.6482317
78719,1.996448
3559,1.7779362
30908,3.1754751
52757,1.9342399
79640,2.733309
65352,3.8223882
57956,7.3982363
43587,6.148965
43976,2.9696355
7210,1.638772
90929,1.9869344
58699,2.9853864
2138,4.7042713
90507,4.871446
74758,2.9990108
37374,2.0348015
76444,2.869199
34317,2.7136414
62891,4.5700855
32280,2.7211611
32510,2.3398976
34558,2.04198
89799,3.9774585
62374,6.401725
95736,2.0159693
31124,3.5008636
94506,2.3115566
69134,1.694087
29718,4.1040077
34036,5.8365107
95666,7.389513
97690,1.3959994
8545,1.4481623
78714,2.3392148
31699,1.6098886
92949,4.383888
63124,1.2252185
86131,4.992461
12118,2.1758578
76960,2.5965853
27756,4.7651267
59964,4.7124147
75407,2.5183282
15379,1.8525612
72003,6.480847
82498,4.552076
65327,5.3096733
20378,3.5265613
49991,1.2533853
35312,3.881863
87643,2.030019
96297,2.8522408
8528,1.87083
42001,1.8421936
53107,2.96233
98738,2.3860614
47287,1.7297044
56210,2.639761
20840,3.5311508
58994,1.9686742
28503,1.9427047
90355,3.2396197
23616,3.9317722
64944,7.8776045
93221,2.2146003
23667,3.5056643
82747,3.3490415
9345,1.647517
57987,2.219751
48489,4.075839
51298,2.7827017
26449,2.4042242
25190,2.1828406
23168,6.082891
18503,2.3304064
49414,1.7233315
34612,1.9333599
94122,1.5035386
70661,5.1777964
20542,8.642235
34660,4.123288
7640,1.8672884
65140,2.5494165
47592,2.816007
49407,2.4194942
16073,3.5127368
56676,2.5039876
25224,1.9810491
68100,3.553927
49634,2.8434415
61375,2.1748846
35006,4.0079985
73060,2.1729443
83846,2.6670363
56824,4.630237
47598,1.7294948
19085,2.2017155
42724,1.9068971
95146,2.508538
42761,2.4898899
76827,1.9770665
62932,1.9221284
9199,2.2534702
93630,4.372714
85854,5.8722196
55224,2.7938697
45473,2.244047
43053,2.7073362
7741,5.014782
61947,5.7850084
6627,1.2454345
1481,3.4567852
15249,3.3012967
20543,5.047045
52433,5.6842704
80614,3.6072755
50067,1.545948
11165,2.233093
85086,2.7615905
84402,1.8829038
8614,3.0691214
69361,6.2036033
80679,2.4773357
10877,1.4321215
68890,2.5784266
47681,1.7470703
60187,1.920929
5531,1.313093
18312,2.9157376
13644,1.4539533
21621,2.172752
72874,1.8707218
66337,5.2658463
43405,2.8932223
82251,1.0849516
89415,3.253652
100526,2.5900095
5552,3.2028265
2229,1.4309604
34328,1.6332028
69227,4.539546
92063,5.753643
25456,5.2007775
73139,2.9247794
4718,2.6494653
29048,1.418263
82361,0.9780022
79422,2.8800979
75053,3.8050103
92483,2.7129824
89805,1.6739342
91880,2.1168454
5525,1.1456947
94792,5.119029
86360,1.2275665
2220,3.5100188
92767,3.0216446
69763,2.4331315
29107,2.3418384
36318,2.4382026
25900,2.2356093
86278,2.8622012
30389,1.4941144
6905,3.3785672
66066,1.9625931
63276,2.4776697
22142,3.3307605
85678,5.025762
23578,2.743662
60174,2.1181438
52715,1.7704346
22783,1.6965578
23571,2.962032
36352,1.5270729
51457,2.0863974
77374,1.9963906
55282,2.045311
28348,6.4846845
38744,6.4340487
38297,1.4704974
30263,4.217222
65978,1.5922089
45244,1.9513962
48722,3.878368
32568,1.7690268
91606,2.485292
91283,2.74427
28745,7.131317
35844,4.5426235
19922,1.223386
73469,1.9961276
54445,4.5749664
82259,3.7632818
101278,4.0294023
93612,3.0661507
19510,4.3402367
79872,2.5515528
18435,2.950393
101501,1.7796254
48616,2.8345907
71860,2.225516
18347,3.3346329
26049,4.1573834
68311,3.220436
57306,4.552076
92868,1.936276
22981,1.8160114
99733,2.0440917
95659,10.023743
81646,1.6974089
29574,4.0416336
19518,1.858361
96891,1.6970191
26815,3.0410223
29801,1.7110865
87820,1.9896119
39634,2.3198385
48803,2.0997107
3500,1.5248029
59855,2.8913877
56553,1.11969
100162,5.019584
56715,3.679644
52253,4.2732797
12765,1.9279828
101962,5.323038
57562,2.3733912
15999,1.286547
54475,6.401725
6669,2.2581701
62817,2.0229838
80517,2.0973415
95086,1.7275794
29320,1.9675894
97519,1.9341228
43766,2.7816074
19936,5.7850084
17522,2.5153956
66867,2.7439651
36876,2.2893338
2467,1.5876775
10076,1.620029
31014,3.6837077
50443,5.732869
98190,2.7644124
37665,5.1429057
21074,2.1068301
10424,1.6262586
77912,1.3335469
85793,3.177126
16127,3.8820825
98011,4.5426235
44997,2.8501055
23101,3.894754
88920,2.018535
24096,2.8106036
88972,2.1156452
43105,5.313705
61448,8.926758
100692,4.181437
49701,1.7067571
77790,1.9569042
74594,1.6528013
12298,5.0844994
79988,3.9428558
34616,10.981913
36012,1.31129
75433,6.8121653
90945,1.8828981
38601,4.5283947
95494,4.1289725
64381,2.0409384
24706,1.7872243
21801,2.6875741
5000,3.659533
99416,1.9213085
60840,1.7872243
27608,3.1144848
99457,1.9874425
2725,4.7908506
46282,1.5209327
61836,4.5610986
28024,3.6113496
8038,1.6762908
51310,2.123263
79827,3.1188164
69031,1.7907073
69840,2.0982637
38938,2.408173
12302,1.186738
50631,1.8371041
76169,3.9317722
57382,2.552051
36153,2.1795151
78917,2.866993
35737,2.5673769
60325,2.5136552
4353,2.746487
42280,1.8828981
8081,2.3664362
17272,1.2669058
38355,4.9656124
52762,5.602124
101062,7.1875687
37037,2.928633
59131,2.9072452
7327,2.030605
38404,3.020369
44035,1.5395527
63399,1.993433
64603,3.679644
828,4.662826
92346,2.3733912
81490,2.3378062
37156,1.8630989
28817,3.971902
68807,2.07909
63650,1.9993832
98551,2.3251894
18399,3.8151069
18499,2.8018012
19099,1.6925857
43138,8.276534
46655,3.1934147
24921,5.9969063
77029,2.0665243
39257,2.8684697
45549,1.3527362
26239,1.8023486
40833,3.176732
65505,1.2689452
14756,2.3833492
59126,2.1647992
78464,2.050237
42389,2.7827017
14992,1.7341948
26650,1.2026942
13325,4.57148
5064,6.5756636
59034,7.969447
56693,2.8305793
30756,2.4926393
91571,1.9966888
9915,3.2823567
15026,2.384106
44516,2.3930974
1418,1.5504284
23916,3.275722
40469,2.7686183
25546,1.6071782
77348,1.679857
68507,3.083902
21919,3.8216186
88735,7.299719
96047,1.7262039
92423,3.9499946
84610,2.2632072
53954,1.0455191
35632,1.302501
32435,2.108965
28104,1.1803372
95247,5.133625
17258,1.6694243
74019,1.6528013
99620,6.148965
65813,6.1902604
72091,2.360661
59497,3.2907934
17363,1.4307683
45889,2.6105976
93749,3.0500789
19873,2.3781927
43218,2.3750648
6437,1.3836768
10580,1.4972129
94418,2.4722047
18426,2.74427
18058,5.313705
5431,1.1658561
79363,10.197336
2386,4.490776
80153,5.369999
83685,1.460526
51666,2.4871523
59702,1.8349419
38614,1.4309604
58787,1.6770544
26833,1.9738278
78577,5.3368645
74461,2.0272245
41539,3.3046093
65023,2.782538
92347,7.454484
57353,2.3818412
85702,2.4465523
43232,2.198945
66582,1.9663482
82198,4.5789046
47677,3.8050103
22700,1.6270342
53825,8.926758
6746,2.9474123
26498,3.1007323
19836,2.1595156
43495,3.6530013
97818,2.116989
6658,3.8967423
70117,3.978488
86524,3.3349137
60930,1.6332028
74932,4.6413703
35180,5.159047
83006,3.4597044
8879,3.0517492
94274,2.8995004
40719,1.8342385
60071,4.4223323
57993,4.3565784
65265,2.331181
55813,2.6912298
12146,2.4041872
45815,1.3387074
81399,2.2560978
42275,2.2135286
48081,2.439332
48342,1.5535948
50,7.4157047
56589,2.6576295
91713,1.0822237
91345,1.9728262
26661,2.772063
82627,2.4327898
45460,2.9980679
10583,1.2096279
73413,3.7428493
27833,2.0673614
87263,1.9297712
44590,4.4094005
100660,3.6671348
90240,2.4857786
73118,1.3712339
59881,3.5210629
7893,1.7644379
75622,2.1653123
85924,2.5849583
6146,8.592834
50637,3.1475596
13723,1.8097844
89115,6.4071426
47705,1.1183014
76764,2.3646564
97736,3.062626
11995,3.024478
52584,2.0852757
80981,1.8507617
77401,2.7732706
20163,2.9531393
10325,1.9877431
13488,7.0740786
101058,2.2238536
5804,1.438688
118,1.7753139
82326,1.6855667
35201,2.8106036
24773,2.3535383
44555,2.116818
3806,3.8415813
27511,1.9217494
87105,2.173228
26521,6.978984
26638,5.096257
80401,4.7414308
55398,7.8590574
5935,1.7071867
47933,2.2186341
62516,5.313705
66384,8.592834
5767,4.5580373
36559,7.692891
51341,5.852252
83936,6.962314
39830,3.4925456
48997,3.0239391
79233,4.3797765
93596,1.5766561
94488,4.1299424
20842,2.4536376
13627,4.1223006
19477,2.2023861
52151,3.5265613
27784,2.007535
49038,0.4277355
16716,1.9762185
38507,3.0676389
16460,4.8089294
99284,1.9031591
71106,4.819847
18310,3.1546946
59832,4.0252953
78850,5.3876247
74516,5.0844994
87130,4.2402062
27699,1.3245258
36230,0.98449206
49735,3.1487198
88628,3.7295675
77562,2.8107235
68566,4.8423133
35398,2.6238663
43965,1.9424617
93243,2.6472738
8103,2.1958766
55118,3.0676389
33903,3.9911823
78661,4.0338407
8135,1.9993832
94524,5.748938
21172,4.5217333
52950,3.026153
96031,1.869981
89728,6.8121653
64596,4.429666
28792,3.0784135
37858,1.5662599
20744,1.6584618
29198,2.2961628
61658,8.558153
35069,1.4701295
65227,1.4972129
78105,1.5452285
71950,2.6603653
18661,1.6350684
44825,1.6618788
96800,1.6063032
83239,2.218794
20674,1.2016723
21956,1.6649461
40239,2.737708
69480,2.2294872
1201,1.0198956
13434,1.6719611
73371,1.6719611
27297,1.0076721
13511,3.9753747
95475,2.7922204
51861,5.081107
32698,6.782941
92307,2.703789
57127,2.6487768
18785,5.274382
88549,2.0754569
84082,2.1001244
63938,2.1788013
22590,2.4109206
56722,4.5415955
85589,1.1794381
7363,1.2135711
80585,12.199516
62791,5.232493
10745,2.2044635
29507,2.0230134
9408,4.3787436
32903,1.7867382
22113,4.3593435
71399,2.3820758
23392,6.3813667
79480,2.009182
25275,1.9147413
11401,1.9190903
81491,2.7855508
87047,1.6855667
77653,1.592411
23659,2.291604
74292,1.5025005
7494,1.8147416
6984,4.208885
48824,2.1168454
6481,1.7070336
13046,4.1559887
16601,1.9144657
20284,1.647517
97502,4.02138
38354,2.009182
81114,2.2260787
30326,1.082367
14011,1.2768934
234,3.370841
20094,2.598039
87897,4.624436
63211,2.9610527
89224,3.2861862
23251,2.7614114
38480,1.583889
64008,4.365464
28956,2.24124
5456,3.73282
36863,2.127328
17053,3.7234073
80481,6.869738
84765,3.1057186
45452,3.0517492
23633,2.2939389
89687,1.6138184
41068,3.3090787
26780,1.693881
32269,1.9147413
73554,1.7016611
45391,1.9691181
91598,2.203309
14030,6.0656753
85548,4.113398
72063,2.0657532
19631,2.2522066
11015,1.3662148
34822,6.1170497
96215,3.765397
2945,1.9339437
67313,6.454882
48224,4.7908506
11716,1.2541103
35464,4.2872686
2667,1.8476932
48363,2.0325034
7286,2.2030993
91689,2.1415768
86607,2.797553
82674,2.8883166
69334,1.7848237
97728,2.5768516
71008,2.4624982
49296,3.0517492
52902,2.0863974
86113,3.462171
13923,4.867256
3469,1.388372
31506,2.591966
36174,2.3855743
19180,4.657044
86041,1.8841698
100195,1.7370663
74317,3.086689
20416,5.103282
2688,1.1867616
87867,7.7113676
97000,1.6609423
7211,1.1183014
26466,2.281924
16499,2.9747367
3891,1.8086407
81021,2.5833323
22669,1.6623232
70960,2.1993415
46367,2.6494653
35253,4.3739095
95295,1.5567348
17812,7.7113676
67066,2.3805194
4276,2.1219714
44159,1.2311373
21962,2.8656702
20114,3.398262
99707,4.584048
72816,2.5673807
69438,2.0285804
12397,1.6040208
79489,3.2252216
68800,2.8995004
35089,2.5582883
31915,2.8717048
35704,2.5959892
52449,1.8159208
57156,4.3697
26354,1.9017532
16368,2.214567
52197,5.3876247
2459,1.9585683
33004,2.1758578
22270,2.159854
38063,2.57654
18795,2.267246
34516,3.1475596
61982,2.6286547
25317,2.2214649
30151,2.7294302
62667,1.9221284
64640,4.3356843
7786,12.199516
578,8.592834
88414,4.091701
57633,3.070414
56753,1.0849516
77565,1.5567348
37122,2.8206146
37763,4.3224483
18254,1.9252372
26002,3.5288997
20204,1.8718579
58615,2.1044848
72244,4.9439836
96942,2.8563714
35859,1.2511139
96745,4.94887
98382,1.9482853
100334,2.3336449
60001,5.392887
82337,1.130044
52304,2.0958457
59296,3.6559029
61761,1.6406589
72282,1.5990105
53675,2.9135528
5040,3.2465687
91103,2.3706188
6748,5.952231
16733,1.7099173
101651,3.3740244
51466,5.1429057
14282,2.816007
17360,1.9333756
26921,1.4080215
27422,1.5035386
86714,1.4037435
93089,2.064685
30765,2.747767
18668,1.8976572
41338,1.1492484
36491,4.9949546
72993,4.9858246
21377,2.8694222
29603,1.203686
70843,2.889674
12345,5.844676
95386,3.6156402
77214,4.536655
25447,1.7671735
50470,5.2567067
17026,3.5350056
72680,3.4948297
28368,7.1121454
20404,2.1068301
94247,3.1838908
62999,1.4722209
26181,2.2814436
49112,2.4218426
21557,1.8865697
29589,4.2121983
23538,2.2135286
19245,2.322317
79206,4.5209975
81612,2.396032
87385,5.524747
85393,2.0056603
13838,2.1517637
17273,1.375632
62243,4.158652
91101,2.5164878
86723,2.398875
54671,1.1852374
75563,2.449602
96679,2.0035112
9483,5.784488
22694,2.3651295
69513,4.3809214
68618,1.8122954
65128,4.6000123
64313,3.2855463
99809,3.0626087
16537,4.798222
15748,2.047786
70576,3.1074057
1953,2.234988
73239,3.5210629
72631,1.2069805
87381,2.438369
96344,2.5179353
92204,2.5136552
43113,1.5164559
68551,4.94887
78031,5.073354
8064,1.6098235
612,1.6669083
100256,3.408348
93833,2.1152246
26209,1.4066217
82887,5.5970373
48415,1.4080215
10707,3.4334803
97775,3.6009412
90981,2.001764
47707,5.7883544
82374,3.5008636
26232,2.5711539
82661,3.2149878
41331,4.7162743
54703,4.9243374
5806,3.3597817
87199,1.5567348
13527,3.1144848
92126,2.7575765
84511,5.344976
36549,3.1113462
51994,2.4390247
101846,1.620029
100405,1.1781652
46012,1.4110332
88849,1.9738798
45714,2.3080611
34382,2.6245615
57915,2.5816658
58127,2.162847
228,3.7983289
29891,2.0217698
52347,1.7456067
16546,3.0626087
18112,3.0719905
85493,5.217442
76790,1.7724407
47316,8.276534
8324,3.5326023
16884,4.1453185
73503,3.1740842
40082,5.1783476
9343,1.8056264
1978,3.4666085
74963,1.7099173
17714,2.7619581
9758,4.482289
29767,3.1546946
38363,1.8259087
30799,3.850865
83721,3.0775237
100217,4.2829647
90796,4.814865
101540,1.334291
56363,1.2996068
49761,5.159047
24672,3.1117058
34143,1.1808753
60828,3.5646977
51460,1.829318
77322,4.734397
90044,3.3163786
12515,4.5589504
56832,2.9247794
16112,2.234988
81439,4.7131257
77380,2.3290775
24633,2.2195728
57424,2.9570146
100206,1.8889089
56331,3.0606356
59829,2.9428673
60216,2.047116
72451,6.6899414
28467,1.8365743
26882,1.3387167
49413,2.1012886
53361,2.2761092
25913,1.921763
493,1.3448458
83779,3.1276107
37385,2.7219708
26061,7.1875687
820,2.3953505
86233,1.1311338
72271,2.8555808
39375,2.423609
92057,3.3962078
26292,2.3901129
42539,1.4722209
74198,5.019584
13419,2.2894719
13442,1.4854307
15166,1.8680124
30498,2.8383517
45193,1.2291546
87212,8.670395
75509,3.1216412
14943,2.2237828
93960,1.5977962
90330,2.6637084
42103,1.1245179
101927,2.244256
42257,1.1927147
80552,1.5907826
42111,5.508467
63729,2.2858646
16970,2.1349337
31936,2.9194489
15681,2.2473083
454,3.2654362
16288,1.8697748
98842,1.5750146
83230,2.6598632
45818,1.6762908
10507,2.0787735
12325,1.3706217
10500,3.0808597
45638,2.325081
50090,2.587547
5830,2.6742868
2262,4.184233
57170,2.043372
6031,3.253652
41684,1.542762
89620,1.7275794
42683,6.4071426
206,3.5688052
72204,4.7054887
17372,1.4395394
6666,2.1755407
55178,3.5563865
28933,2.4953837
47204,8.926758
35264,1.4959698
81973,1.4110332
79643,1.9408054
78328,5.631868
62206,3.3046093
44735,4.1291084
27856,1.9052217
36679,2.782538
52555,2.3490427
68734,2.8821058
2277,1.8161218
43782,1.7336822
66476,1.7746091
50123,2.6750004
16428,4.9439836
82779,1.9371259
79373,3.8300629
88963,3.4734745
71929,4.458283
8548,1.4321184
45669,1.9391756
79910,1.1863165
42934,1.1492484
59606,4.253046
64671,1.792927
10526,2.8491206
29418,8.926758
40788,2.0272245
72811,1.9476213
48388,6.026715
100819,1.7769408
54117,2.1592588
90210,1.1852374
7474,1.9448538
7913,2.13817
4914,2.8662863
45622,2.3901129
40667,4.999412
56134,3.2045007
90162,2.4648724
95471,2.4327898
36487,2.0112212
49652,3.646556
52371,1.4118724
38068,2.3568637
8390,1.7599792
53448,2.1681588
64122,4.6000123
60725,2.6543412
37736,3.9205632
6233,3.6275387
56613,6.194712
86693,1.8006935
83037,2.0784483
37242,2.6144962
74849,4.60237
14601,1.9759419
57994,5.0977015
88293,2.3536804
92013,4.1077504
7149,1.7203336
9844,5.0285826
11850,6.055011
5305,1.2157009
63196,5.7883544
30697,1.6967239
74537,2.1938875
52952,1.5985408
67299,2.8141222
33661,2.2780144
73830,2.6286547
86667,2.9998837
32953,1.7274976
20085,2.6487508
88064,3.2976108
77778,5.323756
27341,1.5039513
57302,5.210864
32087,2.244047
91943,7.8776045
37391,2.5209908
52756,2.7211611
98936,2.8800979
39276,4.309078
48753,4.8973327
45962,3.956067
35017,3.5646977
58485,1.6155534
8663,1.4686906
21217,3.1661935
57126,4.7958946
54494,1.693881
29505,1.4088814
84746,2.2088501
8486,1.4869528
16121,4.9489236
233,2.969749
55602,1.3123839
2675,2.513946
33905,1.5525482
72540,1.5100474
77677,3.202896
74067,2.815959
100682,1.416497
100131,3.4168143
43789,1.552243
22025,2.0399997
61839,3.151669
94706,2.2814436
38807,2.0521128
61053,4.478474
970,1.2409043
30834,1.6084268
19226,2.4865541
77794,1.378408
8919,12.199516
70531,2.103899
77453,2.125703
73969,3.4362187
89187,2.0581303
87973,2.9271898
96300,2.0147405
77527,2.9072452
78058,3.951971
60450,1.0148752
21369,9.081577
14746,2.7038503
79046,2.1211185
33419,3.308155
79962,1.8727684
86894,5.5159936
42549,3.3577662
82160,2.6490765
24186,5.0844994
61536,1.920867
29001,4.0675106
83207,4.723638
99166,1.3913443
77351,1.0189617
32436,3.7391224
76506,2.3053985
27899,2.54843
27116,1.602268
17208,4.3057427
69146,1.4713144
89484,4.429666
71628,4.4925466
79857,1.9329481
13500,1.9290962
37523,1.936646
56968,1.7016184
2651,3.3950891
19043,1.8252382
14103,2.9919324
99551,3.457881
75395,2.2135286
79782,1.4634843
75930,1.7962348
90611,1.7082472
2225,1.1841354
50140,4.0172496
49146,3.0747724
39256,2.009182
48807,3.9100342
70855,2.244256
93735,2.8261893
77647,1.6370695
66064,4.970806
45317,2.9093723
69835,1.8407474
61700,2.7619052
5162,3.159093
29578,1.2136362
96601,1.8922527
49159,1.9590468
59046,2.91281
25041,4.847735
67276,4.5003963
72509,3.414022
2331,2.0786133
79329,1.4107535
86896,2.41409
96580,2.2249098
52728,2.6766253
83281,1.5248029
62600,2.7290318
100498,1.2816863
80727,2.2527719
74426,1.9759419
98645,1.2121918
58242,2.1699731
50211,3.1627893
71020,2.743662
55992,1.79632
89777,4.509987
77471,1.5871732
15248,1.3429124
54827,5.6842704
34472,3.005238
48966,1.5525482
75264,2.0271006
74712,12.199516
48991,4.9439836
41333,2.9749007
19739,2.6967995
25827,4.557846
88259,2.827243
17304,1.4118724
67254,2.2726953
97106,2.0305548
67368,2.092415
25855,5.096257
29025,6.6958547
70404,4.94887
26179,6.5416737
90794,4.1220894
27618,3.3950891
33686,1.7275794
86528,4.280715
71617,1.7437742
77866,3.1074057
2852,1.6998172
52880,1.0729425
20446,2.6811438
9022,2.5422463
3402,2.0056603
79621,6.9015565
23456,3.3723836
52332,1.848418
41569,3.0781555
39176,4.159818
24183,3.0682306
22316,1.8331566
91761,2.4631681
15831,1.7683697
96312,1.53774
26286,3.3426976
90959,2.2284698
55003,1.8833764
92836,1.1555145
78174,5.096257
78889,1.2380745
2870,1.6096988
66707,2.6357908
69035,3.3980293
86102,1.8196783
46760,1.7754874
57762,1.4920473
3446,3.2086196
71834,1.5618682
63424,2.4576433
18022,1.6974089
4841,3.7256823
86658,4.819847
62923,1.2256057
11927,1.4854307
23399,1.9279828
44046,4.4282594
11295,1.8463326
34488,1.4309604
101384,2.3323317
69231,1.2939036
75938,2.3207822
86460,3.779173
33843,3.2889547
14414,2.1359968
13160,2.91281
47860,2.438369
98837,1.8457181
58387,3.72053
89806,2.693154
8823,1.9698501
54285,2.125846
27400,4.9170465
4408,3.462171
79604,4.0919147
7620,5.119748
6574,1.9068971
88385,1.3198681
9380,1.5889499
74984,8.234779
71645,3.0878181
54428,1.3027661
9330,1.3616552
2518,1.082367
27402,2.3727
90471,1.3516061
12745,2.8766432
31379,3.6064472
89723,1.6728387
7699,6.869738
56669,9.081577
61846,1.6313796
94190,1.0972598
97659,6.262808
7817,6.262808
64510,2.8501055
69087,1.8092442
35975,1.5528481
26891,7.8560286
26250,3.435741
2297,1.811019
29122,8.926758
29268,2.0397184
26805,2.281755
47019,1.337769
12916,3.1276107
44550,3.2502046
46738,4.8117023
16399,3.959394
58150,2.225516
22069,2.2027545
56380,1.7867599
89571,1.1903391
13361,4.3835235
44491,3.0342126
54726,2.0952473
46331,4.3835235
52194,1.4988444
26887,2.3251894
1708,2.1699731
42430,4.463524
52324,1.2509189
5373,2.405301
93412,2.5701342
100008,2.716341
82168,1.9804432
7530,2.067491
30074,3.2823567
89549,3.6369376
47209,1.9613276
66390,4.22369
92838,2.6181
27025,12.199516
87073,4.6488028
16183,4.57148
28049,1.6682365
57900,4.4165344
74293,5.392887
71644,2.2780144
15241,2.616454
74113,1.044308
19914,1.4784148
81758,1.3785663
35655,1.6756382
30647,5.771432
101374,1.6919172
77947,3.1196294
52601,3.4870296
2897,1.6719611
100959,3.4407573
43591,2.9127371
59707,2.1699731
22642,3.0172524
100273,1.3267186
31723,1.7192876
43169,4.757173
58635,6.122151
93244,2.244047
72420,6.8115077
83062,5.3348174
88399,1.4707794
35267,1.8865697
79953,3.3632998
12208,2.5053937
54500,2.3830125
41540,4.863674
16267,1.4803605
14832,2.547607
20425,1.8109472
100537,3.3346066
34229,7.2782373
44939,1.5019009
46270,2.185524
38759,3.1921997
53234,3.5705838
92712,1.9659405
67373,3.7926116
61570,1.8163381
86634,1.8774877
99086,3.9499946
64599,3.8393617
52074,3.4282541
74927,2.1845033
71923,1.7872243
1009,1.9328806
50669,2.7758906
62894,4.5209975
42799,2.9518294
96253,2.3993943
58827,2.8501055
8987,2.037509
69320,3.253652
2589,2.2610478
86826,2.1032484
1065,2.2997212
24156,2.2814436
1584,5.6842704
90886,6.6882257
88672,4.0306153
29855,1.4920473
56975,2.0585334
81723,1.6316168
89889,1.4698942
67938,3.1378574
21422,1.6919172
87644,3.5610547
92584,6.9646096
42526,2.2753406
61644,1.9759419
69806,1.5985408
76041,4.0906944
62477,4.4843583
56565,3.9198232
41981,2.928026
46711,2.391426
71975,2.6637084
22629,6.24536
38172,2.3004777
72502,1.6609423
48680,3.8788319
55829,4.622456
46685,3.1280193
8995,3.2855463
93874,1.203686
98974,2.9271898
98537,2.8420448
96420,4.4094505
52399,1.4330103
58118,1.324677
9295,2.6912298
53993,1.9366531
95869,2.037509
83429,1.6248658
79453,3.9564896
12043,4.123865
99560,8.276534
29039,1.5039632
43886,2.0397184
76129,3.7523365
35310,1.8405838
97733,4.0919147
15362,3.6867685
76134,2.6028543
97295,3.8901248
25951,2.8529787
91396,8.592834
57960,2.320132
8079,3.1863656
42326,3.4557877
80110,1.9052217
80508,2.2953324
97361,3.894754
14877,2.103899
68165,1.3430488
62725,1.7804465
76140,4.9439836
9799,1.6682105
22492,1.9068971
89018,2.2825215
48792,1.6984196
60855,2.1653123
16306,1.9732163
58712,2.7732706
18041,5.133625
25591,7.299719
14213,2.0474756
18351,3.8398733
26064,1.3500025
31286,5.0287986
66171,1.7913907
91276,2.1624753
10151,4.7202783
27572,2.3797245
100700,3.137372
15744,1.8783286
48227,2.194842
92255,1.6941643
5351,4.5963273
95521,2.300307
5958,2.050237
86637,1.8312426
52217,6.6899414
91332,1.3165889
44333,1.039432
39950,4.191891
6548,1.8369901
92111,8.926758
58081,1.6721683
49956,2.62486
63995,2.322317
12906,1.8865697
87667,2.125703
53241,2.8402069
83014,2.194486
18528,1.8406096
23136,7.97628
98251,4.2868056
7895,2.0082078
81579,5.302222
54401,1.8566916
39357,3.8713365
38438,2.7827017
3802,2.7756214
37956,2.3519437
100224,4.2419963
20052,2.9403868
54009,8.276534
59542,2.221034
92879,2.5730026
39017,2.405301
35878,1.1808753
59298,8.926758
82861,3.0645795
47676,4.2676997
39090,5.278392
55150,2.8383517
6337,2.8479736
10297,2.5348084
28822,2.866221
15359,2.235851
2347,4.94466
94691,2.7708347
95173,4.596246
46926,4.145736
19950,1.8330836
19459,4.769454
77329,5.8908043
35055,7.4663544
87872,1.9829845
31938,1.2971332
380,3.0166955
60560,4.2801976
31300,1.272507
75605,3.0633798
100185,1.6350684
16804,2.0491571
9200,2.9403868
4923,2.9292128
35262,2.0322666
94399,4.760864
25557,1.6870954
81208,3.639686
16908,2.3837893
74900,1.879226
26331,4.148097
90991,1.4923089
83891,2.8276596
46717,2.3135026
98532,4.0228643
12845,3.0872755
42450,1.6998172
47365,2.2138474
80901,1.1808753
265,1.9610975
39787,1.8481462
10395,2.3881996
90721,2.2373638
32623,3.395794
48132,3.6407385
48750,3.3962078
53327,2.0325034
15978,2.6742868
49195,2.6276488
56746,1.4818447
90517,1.4198248
91150,2.173282
58504,2.7456954
10243,1.540689
18182,1.3496048
51948,2.6054106
96039,1.7508888
84152,3.2744327
43842,2.0107317
16256,7.8776045
46051,2.5250428
64549,2.172752
15198,2.6181
80659,1.3516362
88594,1.7029865
34693,4.822425
17742,2.009182
37657,3.5870605
69046,4.783975
16421,5.9574294
91550,4.9406347
41040,1.7118182
6513,5.233635
5268,3.8253388
70486,2.2406955
50004,1.9877956
59410,2.407959
55123,1.9722095
68662,2.829492
70444,1.9498415
38442,2.4032724
30094,1.201004
71058,1.9448538
2441,5.689664
22973,2.1306803
38334,6.5660954
42956,2.2169445
62179,2.8983862
62419,2.6269968
10696,2.2913413
71915,6.711774
40649,2.9268064
86791,2.0938034
2091,2.6601608
35242,3.758924
45276,3.5123215
79218,1.800359
66452,1.4846694
92894,2.092415
96591,2.9456756
52109,2.2694712
57854,2.5340633
45158,1.6814706
91706,2.1933494
100167,2.0400345
82944,2.0828497
46299,3.5891147
32338,1.6816556
60977,2.0756345
38809,2.0392554
60666,1.7456067
82948,4.4194493
28214,2.079248
51733,1.9095638
73704,3.412078
95233,3.005745
99855,2.8471105
11550,4.9007235
14131,1.1375365
5495,1.7804465
34475,3.4734745
7992,4.620048
78976,2.077521
38121,3.6671348
23637,1.4840138
16441,4.1040077
20107,2.0795412
62149,1.1343
100403,5.161807
80505,2.1339705
75629,2.6915019
45793,2.3576002
85476,3.756414
88687,3.7061243
4544,3.2855463
101729,7.3674135
33194,1.8045082
56014,1.2454062
101189,2.1357586
68599,2.0660784
34651,1.3672826
46573,2.697955
55385,3.8730311
11283,5.6879168
88724,1.8056233
72670,6.433639
11374,1.9735329
25499,1.4143553
45974,5.6842704
28450,4.916423
2278,4.59941
86788,2.0796316
70910,2.5820775
4547,1.3114796
24753,3.1117058
90976,2.139642
61953,2.2853692
86800,1.5941255
98875,3.4171333
55671,1.6030924
354,1.8265522
87660,2.7290318
21042,1.8161218
57066,1.5990586
5491,4.6385384
56950,1.4692774
7584,1.7640445
39976,2.091002
82578,2.3239803
8467,1.4918911
84036,1.9221284
62293,4.074173
74173,1.4941144
66184,2.0928888
15607,2.7847643
430,1.4722228
40202,2.782538
65591,1.2644787
18703,1.6568899
36697,8.642235
45354,1.8727951
99651,1.3927991
49698,5.21682
83077,2.5376573
5518,2.0754569
82199,1.8899987
80399,3.9652715
11100,1.816663
57942,1.849066
93995,1.1197965
49116,7.3503704
11576,7.3674135
33842,2.991617
30110,1.8097978
63353,5.324672
90766,3.343946
26538,5.368874
49862,2.729435
93320,1.8216732
23985,2.026732
5449,1.9649839
62475,4.055909
61455,4.259393
55381,2.9898205
4612,1.2412403
44204,3.1930156
84241,2.8270063
69673,2.0348015
48953,1.6018491
72615,2.9804432
53395,2.0753815
35769,2.452361
31710,2.7518468
16400,7.537629
13305,1.1852374
90677,1.4599302
91075,2.1169007
11886,2.2509022
61306,3.0946102
96776,2.3314834
6854,3.3870792
97859,2.9613166
49039,2.194652
75695,3.0557847
87322,1.6919253
7190,1.6953297
61804,1.6946146
11212,1.6737394
47256,4.3593435
65989,2.696973
28339,2.1624753
84788,4.3844557
9131,1.9080832
61316,3.4611607
36490,6.3272657
56617,2.1006756
82701,1.2309375
59284,3.260509
83284,2.0737116
27346,3.3691988
34899,1.9625931
97136,12.199516
65025,1.8392103
47862,2.8276596
88253,6.663907
42096,1.3533897
5006,6.089494
29381,1.3405285
50961,1.9068971
13709,2.2195728
83151,1.203686
59880,7.1875687
80179,2.3277242
91412,3.1659184
92897,1.6850321
60407,2.968697
7999,4.9215765
72660,2.6793056
77371,2.159854
28873,1.8997416
18805,2.4473553
61737,2.815295
42012,3.9148183
70820,5.784488
29963,1.8771522
28006,3.8939095
87970,2.0272245
19483,1.8691902
99681,6.96119
58154,2.028428
46611,4.159818
20908,2.720856
64685,4.354886
94393,2.1939423
89379,2.7922204
48366,2.172752
24221,1.5766184
4925,5.881552
45722,1.9735329
92128,1.8162477
22680,6.969115
49650,2.4331315
32271,2.5616155
7167,1.6155534
19279,1.2951627
28944,2.158741
98600,3.879427
15314,2.0521128
20762,3.331089
22056,2.066035
100044,2.7485976
59822,2.064685
16828,2.1949718
60966,3.0719905
75082,1.7683697
58476,6.978984
25039,3.4847403
22055,2.8294313
71340,6.230237
29038,3.387949
64363,1.5105388
89564,3.2956352
81407,2.3155525
89491,1.2069805
19741,2.3251894
14672,1.7738729
70584,1.5898483
42201,1.9984105
10579,2.923623
19554,2.3986995
68966,4.592155
34007,2.1006386
55164,3.2879825
91734,2.1004336
86117,2.5978343
12585,1.9427457
71210,2.4861326
34406,2.033741
38893,2.6700454
26707,2.31707
42605,2.77096
5781,1.8097413
42468,2.464271
54818,1.8699584
52998,2.2881744
83059,4.2320666
68170,2.8345907
82550,5.2010837
9423,3.7445526
84161,1.246386
80352,2.928633
90693,1.8727684
12075,4.7131257
3193,1.8889089
60474,1.6492035
90277,3.0403714
96224,2.7855508
26463,1.3698931
3126,2.7086515
54629,2.3445776
59538,2.5251992
60753,3.8276324
90542,2.459466
19058,2.1637444
37456,2.9978518
63232,1.5402927
75929,2.51585
9054,1.6781306
56185,3.0643988
13541,2.3986995
66729,3.6036134
98850,3.008597
25719,1.911593
27462,2.3207822
41357,1.9366531
92627,1.8419173
49649,2.2949994
71162,2.1078541
29217,1.2291546
75070,8.926758
86311,2.5913618
70236,5.8722196
46164,1.203686
71973,7.1330967
43435,3.1399894
99304,4.6374702
28276,1.8736196
64371,6.750986
100845,4.3402367
97438,2.0701137
26009,3.60674
80765,1.6691909
55144,3.2688608
71687,4.6613326
84340,5.6842704
61120,1.3162358
81736,2.3881996
77543,5.5041633
74145,5.0529056
92495,3.4665747
44945,4.1586986
19539,2.438369
59455,2.411377
25922,2.4616785
52103,5.4208803
26697,2.3733912
27589,1.5643945
5745,1.0093582
86186,1.5319088
24636,1.6739342
83015,2.4441764
24269,4.0079985
86994,6.6899414
68367,3.6821814
47988,1.733295
30063,5.1615663
65904,5.6442766
73585,2.2334838
96740,1.8798423
18554,5.056388
44377,2.9747367
89387,4.3422256
55552,1.2001746
11631,2.735216
56723,2.889674
17213,3.6191287
66791,1.9518051
86903,1.4722228
6872,2.4158292
55488,2.4213345
67623,6.104126
457,1.4110267
59010,1.418263
46836,1.3822138
37964,2.7225637
44096,1.879226
26613,2.9677956
30044,3.0352058
16422,2.035679
52020,2.7302692
6109,1.6320207
53322,1.98212
60644,2.0466442
98066,2.1391513
2481,5.162038
82294,2.8988209
91464,1.8570323
26055,2.3957338
25933,2.0104241
84804,1.5504284
98233,1.0412178
63366,2.8853314
69550,2.8766432
60623,1.936276
46768,2.3430476
89518,3.4847403
97311,2.6258976
5555,3.0350442
91486,1.9047279
25998,1.4654837
53258,1.234369
16654,2.8638122
14244,2.51055
34700,2.9853137
86015,2.8662863
1169,1.2291546
30226,1.583889
82280,4.7958946
12807,1.3512628
72928,2.9730558
20851,2.9536054
64125,2.6954503
6284,2.007689
35952,4.723337
101575,5.8908043
101633,2.6911037
1923,2.1653123
73425,5.8627877
71800,7.0408373
28479,6.274065
84145,2.696973
59095,2.2814436
4571,1.6816556
22126,4.7342076
58996,3.1617618
25530,6.3404408
76064,5.8483834
90724,2.438369
88240,5.4117866
49484,3.4361095
70243,1.8954375
2506,2.7738895
83205,4.8072677
42451,2.5773919
88368,2.8848195
23256,2.739518
65943,2.144527
70462,1.7854965
847,3.1294727
70955,0.8873304
27447,2.664729
64591,1.6513441
81585,2.3430476
14303,6.4134517
27925,3.0676389
81178,1.5270729
75815,1.1416888
32364,5.1847343
60301,4.3039203
26748,2.6654108
99169,3.431714
35475,8.592834
75683,2.1502397
95423,2.2017155
35738,7.6151104
54488,2.6734717
20185,2.1015663
40647,2.6543412
98459,2.7892494
85285,2.2553785
38043,2.696562
35812,4.295208
101386,4.346638
86970,3.159089
86191,1.8879678
31884,4.022326
100568,2.3031802
95698,4.501116
29725,4.9319725
64901,2.556084
92251,3.7061243
93718,4.113398
78200,3.2907934
45741,2.6766253
98438,1.8173618
65680,2.5968254
49078,2.1169007
1891,3.0213876
72302,1.4928658
81461,1.4984453
3098,1.3712339
76749,1.9699318
71424,2.9072452
50468,1.6134846
12587,5.1805825
44241,2.3056347
95192,1.5004036
32599,7.0929604
75109,1.6204739
41533,6.0656753
71641,3.3649702
20150,2.0458648
42955,2.024979
93641,1.082367
31988,2.665173
36349,7.837944
38920,1.9914811
88418,2.030019
67900,2.5588524
62783,1.9613276
61503,1.3516061
6611,1.542762
75217,1.3623655
41440,1.2223806
14532,2.3617594
3435,6.26532
49962,6.0656753
30171,1.932467
95392,1.9334006
50213,2.4151158
31335,6.349188
47941,3.229722
54495,2.1935427
95842,1.1614034
53262,1.6953297
11072,1.9297712
25769,2.0058727
32993,1.805882
49917,1.4005401
81316,7.299719
97729,3.9317722
99634,2.0643153
61865,2.2135286
6407,2.5761838
65012,5.1783476
80873,2.108965
43372,3.151669
85667,2.479612
36282,2.5091956
46660,3.2904816
44055,1.203686
23447,2.434307
70230,5.8974843
101088,2.0196953
55678,3.9931622
53932,2.3797245
16741,1.9381795
31701,1.0963769
44440,1.6070704
54501,1.2378111
94207,1.9334006
6635,2.8501055
59853,8.747338
70490,2.045311
64148,3.1828675
60733,2.2318432
2445,1.696495
90461,0.9921905
51235,8.592834
53524,1.3712339
25585,1.6522899
20341,2.1653123
31054,2.9647284
96827,8.276534
26770,2.3208451
53649,1.9753323
36184,3.2735686
78607,2.3833492
67357,2.7098777
91025,2.336522
2058,2.2249844
55275,2.91611
47512,1.7995248
84214,4.3039203
92941,2.1184769
52680,12.199516
27755,1.9366531
101048,10.197336
55675,4.620048
49225,2.676071
16055,1.7502027
46188,1.803093
2296,5.246644
11342,2.2747083
35112,1.3309152
70320,2.523368
54587,5.3713593
9532,2.0474756
3538,2.4364374
18979,4.9102316
7549,1.659538
90775,1.9052217
24046,2.7892494
43417,3.5138712
48873,5.59291
2318,10.197336
21752,2.4845867
19304,2.1162536
35915,1.8711493
24934,2.0673614
53935,3.395794
37124,2.650733
94642,5.627667
20357,6.3813667
85655,2.0590768
45365,1.8200712
31972,2.18483
67925,4.603105
79338,3.226201
37581,2.5515528
53511,2.4881322
48711,5.2911515
28198,2.7440696
47787,1.519664
21367,3.7632818
101642,1.6575618
30680,1.1662631
84890,2.3818412
5542,5.368899
10064,5.5970373
92171,2.2146003
4379,2.756901
101157,2.067325
7563,2.7686458
73340,1.957747
40001,3.2980409
34735,3.6898584
67699,1.6391621
62835,1.8877699
82793,1.5105009
57331,4.088744
81944,3.60674
50176,1.9590468
53416,5.6157594
85031,6.711774
95109,2.2202082
14823,2.889674
84880,1.5775356
7037,5.8483834
19940,1.9656382
99021,5.662722
15953,6.5213614
28389,6.4134517
93986,1.6834426
54160,5.8483834
14937,3.4238667
90195,1.4715042
9290,2.2893338
40367,2.6184044
715,2.1358206
2247,6.2099
43891,1.6870954
55018,1.87185
12449,2.2571774
16749,2.7089598
79209,1.8741529
29556,5.0932093
61102,1.6528013
48710,1.6084268
13491,3.2940335
1910,2.8587668
69247,1.8930507
2775,1.3247547
54689,7.6119137
86912,2.068918
15041,2.1958766
99158,4.7862687
95784,1.340102
16097,4.822562
62039,6.4134517
48004,2.969749
94313,4.137221
37257,5.7151427
32678,2.2205129
66436,1.9736311
69910,2.5689137
439,1.490093
94401,5.0932093
69902,1.1830885
94170,1.7092366
41445,1.1903391
49257,1.6768856
59244,3.5023685
33657,4.7197948
42252,2.3852882
47967,1.4050343
87600,1.8578129
85709,7.8560286
27874,1.9864395
17143,2.8324857
23684,4.837911
69991,4.137221
50365,2.2941544
52147,3.398262
50761,2.553721
15348,2.524108
68727,3.2573223
24682,4.112686
16981,2.4436955
47541,2.508538
4055,1.7644379
75757,4.2904015
34009,2.3852882
49673,3.9948053
90757,1.2223806
17532,4.8191347
46582,2.1184769
6317,1.778872
67188,5.7850084
76011,2.8752525
18732,1.803093
3739,1.9869344
307,4.9339447
41873,3.4567852
62304,1.8498812
50181,3.020369
82616,2.7157528
31571,4.1400933
33498,1.6183128
16539,1.6739342
84521,2.0552137
4398,2.8934364
15441,3.4731212
22937,3.9198232
96026,1.693881
20345,3.043755
70100,2.0460377
19727,1.3066239
98430,4.0132375
37671,1.6706319
20050,1.4276426
18806,1.8585732
86707,4.091701
951,4.238869
64909,6.367514
40036,3.1294727
70533,2.490226
68008,4.4165344
20428,5.220009
63273,1.9722095
14471,2.125846
3477,6.7565727
76885,4.37958
39600,1.1432519
14807,1.8208032
97820,2.5915022
35022,1.4373968
74988,2.4726996
63311,2.646041
68914,1.2691164
95924,7.0929604
67267,2.633525
99955,1.7173555
74503,5.7850084
78260,6.3027725
33549,1.883194
18798,2.2205129
12675,1.4088814
16679,3.859984
29230,2.5432324
85112,2.9135528
39435,2.696973
93454,2.2067552
1291,3.0410223
20888,1.5922089
746,2.405981
26767,2.3377478
47757,4.999412
58489,7.1330967
84707,3.4607744
72458,6.975737
2047,2.887512
18117,1.3024206
92264,2.8425238
3061,2.260998
83406,7.5082827
74485,1.8811452
87015,4.997229
80058,2.1333182
30305,2.1697278
82039,3.086763
20503,5.4208803
51659,2.162847
82710,4.2737126
7267,3.841106
51835,2.1893606
98436,3.0556078
95424,1.838084
69774,2.9272983
29896,7.870159
31411,1.3326001
60099,2.0275598
38405,1.3239322
19490,3.5939088
84567,2.0460377
12608,6.6457753
84684,2.2825215
45190,2.9873116
67227,2.5673807
28509,1.1555145
44597,2.0651004
45499,3.006404
80096,4.7131257
35692,2.889674
56298,4.061599
2271,1.7361386
12942,2.3888204
79340,1.2892272
49500,2.0863974
91909,1.6282465
12036,2.9901927
24271,6.836956
58605,2.4441764
59783,2.2240388
50766,1.2390969
79701,4.0925894
47595,2.0500917
5923,2.4915698
72901,3.2872677
94748,3.3930106
36731,1.3694017
48578,1.773989
55937,1.71748
50594,4.972776
75551,1.6505039
73155,3.070414
7561,4.555505
83632,7.8560286
77328,3.1165795
50409,3.8734589
44520,2.6465673
22584,1.4066217
42672,3.989399
94659,1.7190516
48668,4.920956
57539,3.4171333
99079,2.2146003
28600,4.590164
55201,1.5380092
16158,2.644214
27299,2.1107004
18025,2.0110087
28118,4.1400933
63552,4.584048
87783,2.7732706
19272,1.3773408
88943,5.630769
87388,2.3957942
92815,2.2063046
36693,2.2037039
28386,3.8050642
53354,4.8776445
5677,5.59291
10734,6.148965
49118,5.5970373
69446,1.9026444
5948,1.3134491
61545,2.7086515
28937,5.039159
22134,2.1184769
66377,2.05258
66127,3.5008636
17776,2.8844948
82422,4.468106
46925,2.062915
67093,1.8915005
44521,2.9283547
28356,2.4364896
83012,1.4539533
86908,1.1296415
88588,2.9157376
61185,3.4418535
77693,3.0844402
101803,1.8308046
7968,3.9386034
57247,7.603485
63061,1.6953297
41337,1.7508888
18687,2.8587668
603,2.3043897
77463,3.3680916
44641,4.0532784
64386,2.5244143
30482,3.999587
47879,2.834353
78787,1.2223806
85935,3.8967423
57567,1.6897566
69792,2.7431097
89509,2.4377236
4654,3.0400743
42217,1.9371259
6302,3.062231
75670,2.2830293
38388,1.8031535
70938,12.199516
4614,3.1276107
8576,1.7596478
99481,3.117186
11095,2.923623
97982,1.5286295
31199,3.7926116
23452,1.4029415
22952,2.317526
5185,2.374886
34770,3.6993346
15858,5.3027806
29270,6.4606915
6419,3.221786
83174,3.3426976
98996,2.2553785
6815,1.6941867
4782,3.9334688
23745,4.1813817
15343,4.8191347
11699,7.1875687
4896,1.1538188
98076,2.7609684
100539,6.7783217
19422,2.7399871
67512,2.3450918
77420,5.6842704
43650,4.357094
9178,1.5855896
72267,3.0073133
22406,2.8865478
23872,1.803093
57517,6.4846845
58370,2.1522403
83851,1.9031591
83808,2.2805998
20807,1.6816556
13344,4.383888
7461,5.327981
78941,3.9060187
82679,2.6211436
33508,2.4616942
4430,3.1051326
34161,7.3982363
50008,1.7436857
43220,3.5008636
5762,4.920956
99953,2.7508192
78606,7.299719
4673,1.8308046
69914,1.4722209
18481,3.4116588
89796,1.8182015
19715,3.756414
19884,1.4110332
81635,4.9933047
72573,2.6369944
87954,2.5774806
59636,3.8734589
70911,1.357331
95384,3.1739483
87002,2.000866
61282,6.6039796
64990,4.924665
25735,1.7701607
3766,3.4451814
71949,2.014502
43741,1.0655353
96343,4.0820937
33847,4.9799004
30343,4.0041647
187,1.0125883
93178,1.2378111
38413,1.8720989
91314,2.4885783
90121,2.8858738
57641,2.7225637
26069,3.275722
72362,4.2106495
19230,2.2289467
50605,1.8092442
42715,3.3046093
8709,2.4617407
39819,2.267246
77949,1.536627
63270,2.438369
100397,1.2275665
55085,1.7233315
8892,1.6266141
90830,2.7816074
18469,1.5972929
21935,1.5667984
99131,4.2402062
85515,2.811775
12336,6.916653
91790,1.6633341
50047,3.6349483
89875,6.5660954
43437,2.644494
48419,3.090088
32650,4.427684
13492,2.4383318
28808,5.8483834
90239,2.7115476
18563,1.3516061
96632,4.3697
101992,10.272973
33731,1.377264
15778,2.2961628
66145,7.3315954
22920,1.9009135
39929,4.1258497
8931,4.620048
34513,1.8047612
3545,4.0025554
77961,1.9027047
574,1.9804432
94474,5.039519
76648,3.4422665
74696,2.7586129
87165,1.636358
46110,2.8719943
17552,1.4025481
23904,4.78683
9760,4.52891
94459,3.9499946
40022,5.881552
43825,1.7579894
4090,2.6598632
68952,3.1157532
51671,3.3930106
77133,4.8931403
59333,4.467795
72046,2.8800979
41326,2.4451144
91870,1.203686
94846,2.9693053
32686,2.5361078
14036,2.3986995
92694,5.344976
82992,1.7941377
55404,1.9902031
25500,1.8815944
53880,1.6183128
61371,2.108965
31187,1.7942295
48996,3.0517492
63263,3.7974086
82484,4.6488028
14808,3.5873652
34826,2.2960386
63935,4.871446
48470,4.0338407
58148,4.0742526
55668,2.969749
82287,2.9861643
92512,2.5865865
74020,7.8776045
37399,4.083119
62945,2.7686458
22591,2.2509816
50270,2.1078541
1034,4.052696
72514,1.7644379
42765,2.1879172
20303,6.2976074
12716,5.432554
62397,5.630769
86907,4.4292517
90069,5.638936
18673,4.800729
8649,2.1391866
12824,2.103899
30729,2.467087
32256,3.6514006
88017,3.442068
24375,2.74427
42639,1.7579894
70382,6.3272657
24656,2.2662241
6172,2.3818934
71957,2.4557066
35169,3.4280553
32666,2.1893606
5477,6.9646096
98107,4.103387
57907,5.660135
24103,4.169452
18744,3.164112
92480,2.898656
43197,2.8256857
101198,3.412078
93707,1.7288749
6695,3.850865
88569,1.049582
57053,2.3458655
83212,2.0931854
42578,4.6964445
48368,4.767963
87938,3.281434
61940,1.8159208
29621,4.9086695
93111,1.8422403
58441,1.8557229
40980,2.5488243
20475,1.5621567
97492,5.669474
44896,2.4682994
25867,3.5548038
81515,4.5233808
56657,1.3306167
80795,4.3697
35513,2.4636197
5996,2.360806
18035,5.0326653
3731,3.0719905
44947,2.0474756
13495,2.2628238
44036,1.0963769
34551,3.9753747
98909,4.1258497
66539,5.719063
91209,5.014782
95758,5.280475
96807,2.9570146
46000,1.5722156
100342,4.630237
27712,1.9993832
71035,2.3833492
44469,5.44998
80089,2.2095032
26289,3.6898685
11382,2.289334
60434,5.133625
96154,1.6684871
33738,1.9073508
70681,2.8754807
73556,5.079735
13959,2.173228
