Id,Hazard
49027,3.070797972
94782,5.916706225
61152,3.061500367
100703,4.817460129
86064,4.074815227
68633,2.223657915
1814,4.175382987
91704,10.54030381
85703,3.33069757
101778,2.984322963
47140,1.642151538
32117,4.454402178
28480,2.694513843
20011,3.879604006
45704,2.535421479
12414,1.565088779
46784,4.564708471
9475,3.548533931
51435,3.254350887
89508,3.048279927
66627,4.13825419
51674,3.00348222
91269,4.78139194
77262,3.45931738
40018,3.062640294
33712,2.621591815
32760,3.016951262
32403,2.291839857
51048,3.299869113
57299,4.100893166
9741,3.061888371
49689,3.652194498
17274,2.707642101
40175,2.83396942
61664,2.149758517
63460,2.89865281
35934,2.641351169
91470,1.696121647
9359,2.881144432
86243,2.249012622
75850,2.247399808
93034,5.769006072
73110,3.674482776
17593,3.91963688
29347,3.365070647
1807,3.194199203
39364,2.508702541
35239,3.51121928
8224,2.389327521
15464,3.709271254
58130,2.836842859
19214,2.21826228
58734,2.982306159
29435,3.497641165
75290,2.956929095
17557,3.993496184
69637,2.751974143
91609,2.170656496
70848,2.387198751
52359,4.780370993
99532,4.371388826
98816,4.558146984
39597,1.853305215
15243,3.028254045
65390,3.824104379
83865,3.149313104
9198,3.629462016
59076,3.42344553
50033,3.297955962
59565,2.648320707
15462,2.549380795
88732,3.088623304
89107,2.046279522
42924,2.69906773
83326,3.781761568
76801,6.224250313
95114,2.604996718
15186,2.926970209
14375,3.045079734
5322,2.853003123
86814,3.555618475
65520,3.659787001
72419,2.070593872
38704,4.085118553
32120,4.057327368
52719,4.229126697
80471,2.601087666
21685,2.42447641
70086,2.699535553
65484,2.836182926
93855,3.742084314
77333,1.989754315
97117,3.582411897
22,2.315663145
1538,4.088394056
50350,3.188862278
23389,2.403661187
44507,1.679295446
9607,2.885809765
60414,4.701290742
39756,2.164212753
65438,2.242499072
14916,2.194796677
97126,1.928162256
50845,2.50120276
57143,3.100894907
12537,3.046495028
42985,3.326365938
72994,3.788562896
42393,2.556898361
10049,2.852517942
44014,4.731117739
18537,1.970696224
29336,9.945971207
58608,3.304071569
76502,2.481627205
80372,3.453374975
100932,3.110953524
69485,1.840083841
24841,2.701668309
2273,2.509340312
9357,2.502658645
33506,3.231639719
58513,2.936246214
71272,2.70888638
44890,2.046382109
33813,3.100217329
74132,2.498124911
46954,2.437546998
25669,2.953315423
90791,4.265354329
80299,1.852738604
64646,2.509048686
18380,1.922299198
91142,3.847508387
67366,2.214788472
74355,2.09121357
27018,2.039898637
80132,2.774833268
8442,3.088073124
81962,3.454472117
61359,1.982883431
98534,2.080833714
8698,4.235056228
95462,3.16556433
99909,2.486897195
24538,2.66383018
33097,2.286737202
49249,2.717271863
23347,4.530679582
98150,2.790006218
21789,2.909130432
48625,3.237013019
87398,2.72070997
90433,3.081742177
88830,2.658639841
17190,3.243570842
78835,1.931082442
14051,5.646856225
37898,2.981966092
90146,3.94929114
88192,2.824649176
5201,3.381064833
68010,2.404710876
7420,2.856279444
18211,3.308756059
77472,3.993750057
92653,3.733705836
93894,4.10467205
19216,2.928804076
4692,2.452784595
73044,5.206887291
51642,2.608200496
11187,3.586691307
31598,3.034334447
15340,2.529504798
73247,2.757553551
26011,3.195508515
90860,2.792338004
3463,3.012392063
8878,2.502461776
53834,5.3433755
71403,1.97363275
20874,2.237878725
22409,1.677633778
84713,3.043408979
59995,3.092076754
8152,2.313985479
59869,2.303151248
66613,4.145382303
79058,5.163731397
10508,3.243449947
57417,3.342006928
7103,3.126288522
30953,2.675950237
59477,3.514091396
22775,2.357697893
25219,3.466747324
101727,3.777323436
78901,2.952095797
44924,3.722791288
50220,3.883448469
101659,3.865909574
51474,4.003423601
75512,3.207536454
91214,3.559783845
25352,3.793345186
27727,2.05014605
36452,3.591154012
34772,2.385122342
19799,3.516702513
6715,3.267185867
46580,2.767729512
13312,2.837724105
28663,1.925694376
76453,2.492838191
3680,4.18805384
90931,3.706983563
87441,3.721095948
40273,2.490330538
22280,1.841896864
73032,3.059577377
71839,2.985985826
53381,4.156434609
10184,4.015529325
58430,2.965860575
13909,2.379065714
55915,3.65791075
20623,2.986981322
59629,3.555463609
1751,1.952279302
40662,3.678177853
100495,2.419171151
20007,2.705931739
1437,1.932762206
65682,3.000689127
16276,2.75709694
19050,2.927610248
85533,3.51900878
76903,3.171210067
63753,1.730918133
50190,3.778486497
61578,2.858737146
40313,3.115246458
4254,2.512433248
30571,2.249274043
4959,3.330154433
30769,2.959856765
83316,2.946802362
63781,6.323907478
65407,2.988183766
100702,3.296429832
77970,2.331932039
17108,2.106164634
45535,7.354312482
87470,4.616197117
4552,2.442714807
25061,4.302364587
89175,3.510856414
43879,3.588360916
61400,2.983912446
99928,2.845839161
65421,3.210010574
74257,2.773138658
16719,1.915950282
96528,5.094794188
21974,2.91781128
5073,3.594824171
58159,3.292855414
17219,3.533470269
23755,2.498956746
70293,2.414060211
92333,2.835920448
29395,3.138631062
56143,3.969359914
48713,2.225871871
98301,3.301066805
32976,2.864191425
1134,2.738525471
2728,3.204520005
31338,2.781827846
24053,3.737037541
55713,2.344165175
81956,3.370415125
54312,2.991005753
24081,1.700243015
19543,2.662524189
22831,2.150495428
18027,2.34869087
77975,3.053358375
36075,2.621198958
68919,3.169541006
100529,4.1996628
97804,2.650460233
91095,2.877085281
11012,2.62115005
69309,2.16405101
82696,3.080926849
84857,2.399766032
97495,2.621435222
57114,2.797164699
25702,3.049366866
91198,3.032804843
92339,2.413841596
82182,3.068082637
14551,3.392725635
38623,3.517844958
85374,5.743949447
74908,2.855402964
67400,3.993976835
47098,2.471912209
94583,3.811968793
5390,1.753696708
67277,4.051770536
11252,2.386287725
73173,3.898575922
8526,3.94644822
53222,3.641610402
96712,8.697748124
91735,3.253566501
18106,2.914358453
101297,2.87037532
79306,3.802689164
41702,2.474157681
25012,3.859262589
67769,2.813178819
27222,2.83835858
35614,4.747349534
31654,3.520735684
34042,2.377898344
26010,2.683246534
91488,2.685699722
87960,4.162010907
31835,2.25236838
44776,2.531094599
99986,2.311292041
39280,2.872136787
12307,1.438546571
68744,3.332706914
74731,2.072956078
11788,2.390807731
45749,2.430194374
31162,3.027174429
70617,3.701311506
79979,3.350107507
84101,1.535060398
21081,1.70899991
40905,2.737070963
1743,4.16764596
37611,3.260145076
22386,2.694183323
15599,3.264405607
86995,2.688608974
93733,3.300582127
7415,2.854847319
82708,1.507505839
73069,2.934778485
72384,3.037731295
30706,2.519920428
47454,2.171671897
65297,4.067710691
12790,3.929867898
18757,3.217698108
21464,4.07998331
84550,1.688759496
20507,2.150659273
101030,3.034537204
57596,1.848959107
22794,3.064041304
9797,3.018516128
1004,5.302899467
76856,2.234532965
17608,2.4145781
68397,2.584226117
16260,3.085238651
28886,2.275896029
91477,2.968856637
70330,2.888846721
26961,2.167429475
40687,1.815419262
91425,2.481284454
59939,4.951177236
96479,3.353872185
24229,2.083340441
55314,2.649787295
13066,3.878036623
57112,3.142166361
74674,2.571870931
64315,3.24538526
50690,2.765423371
66557,2.594426635
74158,3.9677643
30046,3.150082774
65511,2.114519952
36804,2.354757548
56307,2.534146007
23734,6.277077772
33195,2.381789785
83193,3.545684144
69793,2.153383379
97685,2.22649213
8679,2.686344183
28492,2.208147532
8125,4.951508619
67631,2.510887271
11307,2.993971317
76058,2.875411885
77853,3.315889104
66358,4.316054289
64244,2.436382332
78963,2.982890573
63835,3.268371975
58331,3.686066511
72245,3.085916363
23449,2.866525111
57425,3.229975798
52885,2.886973193
77089,3.742718012
37807,3.766253065
37656,2.509007151
101377,2.729269952
65674,2.824222101
60467,3.091502406
101820,2.158109217
75185,2.862338124
4437,2.649198625
56059,2.3076483
81790,1.99906932
82335,2.677406853
90568,3.560018808
48531,6.900809912
35672,2.715323469
29651,3.612210247
7312,2.899850389
20964,3.568420455
41830,4.977634251
3388,2.886741857
45844,2.288692574
4164,3.283128828
64700,3.337518763
50071,4.034146848
42357,2.886891422
8371,2.723188222
37653,3.749397391
5502,3.444694342
1718,4.545863524
96723,7.080104029
73295,2.720747231
2612,2.625470415
67617,2.692937729
36302,2.429858975
91662,2.584812376
42739,7.177702728
71005,3.71330953
71092,3.876047965
73802,2.012434558
20014,2.316264774
90626,2.582966643
5516,2.931990084
101341,2.968034894
71548,2.375132984
29102,3.153493428
57995,2.548528916
101510,2.897213786
84965,3.385072757
87200,2.517224811
36891,3.478193132
55583,2.17488299
85637,2.998129939
981,2.19310202
71718,3.881599016
95654,2.929661579
1273,1.741189527
31370,3.431810079
29892,2.630977739
81577,2.932904725
3399,4.864688939
43592,4.032623067
45840,4.106906327
2994,3.813459858
71056,3.339634352
94867,3.457732487
76365,2.522931044
45351,5.675068831
68339,3.529687889
85200,2.607446848
43929,3.962834898
19599,2.734751931
77697,2.86224641
84612,1.123492915
76395,4.287352306
12321,3.376913511
3810,3.462601358
79009,2.465595554
46879,2.96732448
100904,3.516935587
7051,2.734422093
80675,1.577729965
28836,3.391635285
13276,3.667192326
56960,3.040274064
36815,3.43654826
19131,2.561591855
42053,2.706486193
38444,2.846324898
22871,3.224672807
34873,3.864497129
13705,3.878211474
73524,3.383731675
84626,2.680610264
3772,3.486545911
47794,6.403118865
75913,3.765466117
38469,3.576382229
7612,2.8173261
78815,2.684318387
101068,3.810513832
34179,3.469619128
97177,2.350344405
88838,3.148128202
72539,3.075467509
1764,3.686676972
5811,2.873950011
81645,3.549266576
91974,3.722893304
96975,2.760810446
48673,2.729840032
6758,3.201906848
25525,3.18047435
47059,3.318805692
18111,2.316831103
22903,3.250216363
90986,2.695182188
23792,3.369820428
74922,3.85060039
16558,7.096098911
63617,3.225629343
26775,2.831406507
4380,3.366381945
74637,3.101862614
101978,3.381466533
48032,3.066953484
42218,3.166281001
23946,3.028216847
88951,3.074364945
73043,2.412893354
81575,2.009659951
62603,3.720187265
100123,2.800209701
68334,3.340247074
95278,3.862704874
57898,3.12009625
15710,2.080782604
87533,3.437549719
88271,4.462336385
70680,4.116240807
76046,2.974380199
72866,3.308652197
93292,3.529771238
41171,2.517801024
2969,3.054316435
72423,4.650216471
45396,4.186108008
73520,2.673473021
31019,2.461995443
56890,3.203700978
7489,3.408070482
53207,2.238389435
23090,2.259210581
61573,3.265844474
90007,2.072204746
64096,2.72627445
18782,5.039074248
51860,2.568463333
29101,3.615881655
68645,3.712263441
29390,2.615068006
46618,3.288088474
84867,3.696851662
76589,3.857876411
10352,2.485360976
38713,3.265364538
76397,3.339601988
41549,2.761516758
78461,2.732084771
27106,4.154828784
46120,2.748477642
7700,1.898999775
96165,2.760927634
94685,2.324800391
12396,4.762854464
7710,3.132897835
37851,2.682036848
47031,3.035439814
99044,3.047181806
33974,2.721554465
74243,3.907252723
30113,3.094795356
3873,3.9854546
95464,3.05690789
87403,3.437978269
2905,3.08197084
91373,2.598178978
60303,2.431105337
76949,2.205347288
45363,2.892769251
22252,3.023633991
23995,3.58208791
52131,2.465324328
86296,3.491979545
6946,2.513143059
155,2.898453981
101946,3.67315126
64730,3.494225864
55457,3.200669794
2845,2.773269397
40015,4.059047225
2274,4.629798059
44643,2.736990997
13065,3.911435766
10432,3.037218372
63014,3.955621292
88436,3.421441416
11557,2.745297498
57795,4.153480422
46303,2.867431865
51220,2.363691505
100697,3.382731768
92165,3.083608107
67937,3.0006738
75880,3.608795591
49113,2.637105797
20239,3.047855936
87429,2.938932438
41890,4.796519849
70050,2.086036386
77611,3.044846162
65759,4.358769122
89844,2.522431288
1426,2.725110217
27530,6.045930981
11837,2.499152576
79102,4.417603499
94627,2.568820229
76334,5.174684753
7341,3.045246349
72845,2.612302953
3145,2.269968275
7772,4.251441267
82204,3.149684366
40399,2.338643
35018,2.931987486
49672,2.707115079
96866,2.886409368
37407,1.968071303
77407,3.988742107
76071,3.721740778
3896,1.855550467
83751,2.699748189
79196,3.069454636
84697,2.517544426
34446,7.120772805
73463,2.419031454
94043,2.66349641
96965,4.382811475
81773,2.546821167
74752,2.88878973
70271,2.614738302
80003,3.149117382
88823,2.381684499
69773,2.569152335
27081,2.005069029
70895,4.381034811
59445,4.221643741
26771,2.90074034
76674,2.292047812
39566,2.360587536
71780,3.205131391
77229,2.726726292
89393,2.448616909
10809,3.544974394
57033,3.114631873
24065,5.034447544
58752,3.170305057
730,2.467516394
29980,1.82959129
9215,2.580720865
98612,2.760149654
97530,4.483327611
83559,2.71453087
98918,3.148517254
97076,3.436185353
91511,2.171468924
5959,2.649557735
8690,2.985471465
37835,3.040471838
48768,2.976785147
51826,1.73935771
45569,1.941251065
65752,3.535069838
17145,2.758536218
86176,2.763706359
56443,4.662867407
81819,2.967762352
60554,2.622683566
18168,2.37644145
58897,3.444741009
40364,2.316374798
11791,3.614568676
76494,5.155873871
53871,3.718137949
61901,2.859834651
62544,2.204237828
30197,2.861531451
34546,3.348394934
15628,2.303965241
83728,3.318798632
12871,2.413195185
83534,2.129180038
99818,2.662276227
55073,2.54863788
8642,3.282404943
1728,3.387078952
18397,4.110534979
69576,1.970942284
56916,2.442618328
96117,2.637574477
1909,2.21757782
79481,3.131923972
4903,3.12826213
51422,1.649032048
48229,2.781593769
48080,2.994359824
23602,3.531814895
68802,3.501526322
74791,2.771150677
59028,2.657472695
10048,2.976547937
92472,2.993638834
73235,2.755964124
87368,6.098115267
41740,1.926349703
73964,2.478467726
78209,3.029933194
85433,3.140725927
26543,2.471397428
68768,3.887654305
53244,2.945917279
24001,2.406565032
73826,2.75807875
101122,2.597898882
59122,2.778999119
18750,2.683844502
78469,2.162908289
31114,3.219810935
15924,3.021852771
25251,3.031457274
72950,3.377878624
43713,2.69026535
32987,2.356151751
67285,3.72301653
37520,3.222683673
99107,2.992420444
1789,1.839561064
58307,3.656295935
19005,2.568340888
13528,3.387056451
60252,2.410682658
69743,3.410575811
61216,3.103782576
45061,2.450348457
99442,3.689580798
73163,2.609039602
83850,4.280921705
98664,1.763764302
73682,3.112885982
77635,3.898912643
32498,3.715548638
91026,2.972209428
72193,2.980220457
68091,4.494916991
89461,2.050487028
23618,3.378893804
51375,4.928311714
41280,1.763656605
96944,2.296316612
82181,2.700189898
42945,3.106554482
15274,2.797527229
89263,4.114609973
11668,2.455445435
51693,2.914251414
75427,3.701665677
101753,3.150823077
61226,3.088592704
84156,3.951743423
22202,2.144856807
24948,1.976670252
78418,3.615112598
101880,2.732515519
9011,3.575193674
27120,2.441177491
50706,4.871974363
71992,4.087078041
84611,1.785050216
25897,4.781665877
44531,4.062373036
57111,4.078867605
63788,2.696894014
7052,4.355844311
20516,2.64874525
94880,2.767009105
42790,2.788958435
92481,3.816700484
20027,3.950392347
25512,3.041949799
70605,2.476687897
63893,3.423413815
48908,2.533795021
33114,2.648430046
94797,1.796664027
73305,3.167442096
63242,1.643104547
80975,3.161831506
62357,2.616849878
13531,3.266649982
36816,2.266373465
88699,2.980777898
9816,4.29207871
44912,2.893519873
46627,3.006373977
78643,2.378454436
42998,6.396312113
83579,3.623827414
8013,2.549496554
82637,3.667108548
76878,2.262270454
42910,2.00454244
36719,1.807977802
26967,2.895212092
92217,1.705748356
101286,1.432562047
14457,3.516016163
56987,3.105509404
6911,3.454789887
46764,4.582685155
23575,2.422435961
87369,2.766450809
24843,3.173496002
70623,3.78427192
68092,3.030528801
16746,3.973364134
67586,3.599577092
74446,3.597954721
62476,1.669357852
101857,3.067792539
23316,2.980477057
58422,3.359724613
11734,3.279037075
17985,2.790524098
50275,2.037105411
27209,2.716527831
82315,2.540201044
26208,3.147280615
16318,2.050521204
44850,6.917189274
19229,4.079446046
8475,3.052321411
84789,3.735979888
99274,3.042246468
92475,2.977107811
74276,2.651807884
26647,2.429882359
89759,2.459796601
66423,3.535612738
20903,4.334943452
2909,2.509995468
96433,3.497077177
44042,3.18791607
9027,3.093409124
51471,3.293397467
95123,3.27389587
23739,3.175084205
24549,2.425050011
24119,3.156584101
6861,2.065391512
43347,2.666071645
89083,2.858564346
7785,3.147109339
96683,2.612389029
10520,2.371884243
7378,2.750810934
22720,2.655226309
82898,3.032163089
53404,3.0889445
48035,3.109024514
91404,2.871714206
92714,3.716517138
29590,3.903898976
85909,2.368557457
66166,2.988722206
41763,3.259847531
49503,3.831031341
25517,4.610474594
76240,3.970743245
31698,2.624222277
74220,2.42441521
67193,2.638316288
24810,1.689876133
100716,3.508426802
84957,2.394312265
77435,3.721096134
4303,4.160791005
72982,2.549998066
82809,3.646959361
28589,2.61515706
32321,2.780884744
41148,2.441903854
39817,2.517500604
6026,3.863615609
76156,3.454772103
92542,2.933491274
46667,3.833688015
80562,2.544788037
66206,2.97241822
24846,3.014698132
880,2.04629367
24929,7.44143396
1531,2.759368635
26352,4.841684295
30011,2.681266566
61160,2.703484323
56825,2.844314033
59934,2.853192506
98380,2.876916867
82700,3.752242165
2971,3.478519226
15146,2.886762949
12572,2.673974735
31842,3.080279286
975,2.451018815
22945,2.222127043
726,2.636348404
46956,2.452386395
94559,3.124015935
85951,2.15924304
13389,2.482138519
43345,2.83211976
95260,3.311275096
63651,2.394260394
14019,2.630579171
56927,2.238096564
73192,3.355734977
81025,3.159018044
38462,2.098186812
45901,1.821990984
96053,2.56796917
83669,3.217602783
36569,3.176225739
24145,3.455763589
707,2.985313211
93107,2.8698059
7851,2.312262856
96160,1.663203548
85310,2.809202566
13722,3.007477354
34736,4.529732697
25320,4.156655202
36329,5.482604914
48427,1.467112003
26820,3.900647667
48507,2.488024714
6535,2.602184289
19249,3.066731038
91018,3.137867581
50346,5.479694707
75599,2.527104057
72389,2.456985233
6877,2.735967006
73730,2.12246309
2496,2.643702391
87355,2.667379968
19740,2.919799948
75911,3.609025926
48987,6.866266793
62958,2.514654436
68836,3.154325869
59567,2.284238324
24735,2.664025973
56086,3.52889661
65865,4.35037732
99400,1.731896594
86111,3.004391727
54142,2.667006071
84150,2.385475011
27180,3.341662456
83337,3.458159252
85156,2.886451672
97436,3.33014071
62234,3.748053891
12714,4.113121044
86873,3.833137924
91372,2.718105315
12283,3.577890491
38151,2.741799767
51095,2.664895029
20819,3.68663298
43239,4.303291555
7398,2.571752003
17057,5.1445765
27350,2.748260425
88311,2.968410423
32282,3.353866514
37577,3.375244119
11670,4.95332101
75902,3.23841098
75690,3.121827676
8131,2.159326151
68740,2.748686236
48686,3.128924279
89936,3.109728609
27923,2.377976244
83458,3.639142476
48423,3.371117662
14881,2.931815082
56095,3.169115602
6783,2.624890981
38207,3.343689336
71640,3.170792111
74310,2.608570485
71563,3.189722941
72872,3.822428235
63411,4.193641891
82665,3.180536939
33431,3.780613215
55589,4.292876082
61596,1.499801765
24729,2.844746614
41602,4.221689668
47081,2.514333365
271,3.363781775
20913,2.459052233
95515,3.945480003
28858,2.341998066
25301,2.820278556
61194,2.559849895
88643,1.924408393
41385,2.318197393
95976,2.971436672
3395,3.506147564
23298,1.957556843
80460,3.426293204
91342,3.032619098
42567,3.887445297
54669,4.549860786
96577,3.477045597
13740,3.654443875
16411,4.699643113
73433,3.26073965
95368,2.901711562
34843,3.2577977
30254,2.901158449
94951,1.604672176
46762,3.335210568
82867,3.225495308
65806,2.633168717
8717,2.779978792
92643,3.250447514
95176,8.884291201
31906,2.471420738
12520,3.464460464
14034,3.069711847
12406,1.856475148
66713,2.696712568
78070,3.291418159
94596,3.205676852
6459,2.806048151
37100,3.083370768
17451,4.578408759
80290,3.292250953
23938,2.581651911
5794,3.611463271
18408,2.258100647
61495,1.976298235
25600,3.170349037
58073,2.601485943
75888,3.447943126
76936,3.790226911
70703,2.747274428
76785,2.890896265
36162,2.601993116
43552,1.935904974
68004,2.954116596
2941,2.315112725
3910,2.446138216
41034,3.00708118
59059,3.194525738
38034,4.639228145
62305,2.852781663
46191,2.97244034
73301,3.418231925
16143,4.06045828
36908,6.27405055
83490,3.117540643
56632,1.774547729
68718,2.248069644
55649,2.61273186
7868,3.73876444
1428,3.56191175
75881,2.562738535
27101,2.989358419
61880,10.4589804
34678,2.173788887
96402,3.025287146
90095,1.747325011
69908,2.656631174
18813,2.958423391
71732,2.750890169
69554,4.050507814
63685,3.783636764
38211,3.343128425
88059,4.181588134
83710,2.832502067
17244,2.981773151
9353,2.106561145
7377,1.929921744
66955,3.227749527
82443,3.714905539
52180,2.998920195
3296,2.409983131
70414,2.657257171
52677,2.829247137
22414,3.925179504
85236,3.307093585
42856,2.613249491
78128,3.075943564
100581,2.754047953
35747,5.684379131
76489,3.188042953
8999,2.549067708
4078,3.48620798
76560,3.3496426
11967,2.303464762
10678,2.76973358
28320,2.850022269
61553,2.716713467
59146,3.315682882
66987,3.099721368
39559,2.745424467
13746,3.266280196
101623,4.421580388
64024,3.429219749
7174,2.213350872
8596,3.297951645
22704,2.408843514
20681,3.532093728
18859,3.098835675
9121,2.835373725
8578,3.661697443
92096,3.256775793
21374,2.659005513
20042,1.577462889
97424,3.777062092
67458,2.686325827
94385,3.032850041
93862,3.279782308
80968,2.211261046
85021,2.576566431
67587,3.214973941
41905,3.687906574
76970,3.497335627
34780,2.588286974
24184,2.502276803
46420,2.819450663
44504,3.375764985
9974,3.123851043
66640,2.310317505
97937,1.590722196
74677,3.939096513
23120,1.647283736
3034,3.260291116
58214,2.621841595
60871,2.852991845
82507,2.462421438
97257,2.100854609
11604,3.312812319
96649,2.706778125
11154,2.819889851
97016,2.335690841
12666,5.334579881
58986,4.238196121
36396,4.000455704
84884,4.002883277
87564,3.986944601
83221,3.388006869
13986,2.168620477
73943,2.260673394
89265,3.157239442
15147,2.775943077
79583,2.63819286
57529,3.312623726
80544,3.666950894
42757,2.858419657
30415,2.556720094
63611,3.05315447
25843,2.499048236
84773,4.357650538
73140,2.387963584
71514,3.552700744
78336,2.027913926
51209,2.536003441
67685,2.454057155
69375,2.461310508
84414,3.150938313
95808,3.093364306
33286,2.504251012
16148,3.303479276
43752,2.412092099
66281,4.099154657
1993,3.644480894
61603,2.413020682
36598,3.223733787
13632,2.782236976
55935,2.894556172
43434,1.982605587
16674,1.776420452
5355,3.216647003
99872,5.534122877
45859,2.404254202
98298,3.389002843
101744,3.39583656
13783,2.010883134
7315,2.926578921
97600,2.603916691
100000,2.674021733
17674,3.716859529
38410,2.784504429
24574,3.469242907
8144,3.004519042
28590,2.176871746
92220,2.925320815
91714,3.324298589
19533,3.923264785
31934,2.521650418
37280,3.252725074
81715,3.564282146
62532,3.684428011
45184,4.083383671
34368,1.686378897
97901,2.505925051
52452,2.757402025
57572,2.843263175
101376,2.82728311
42202,2.670903689
55905,4.40409093
38205,3.259598871
12288,3.142252867
37452,2.718379559
44705,2.741963283
7701,2.949126842
99728,3.231962213
34396,3.650732249
39433,2.801441811
78178,3.226234378
100290,6.348695913
65773,3.331752139
79629,2.267903767
100556,2.740910807
101563,5.237278289
6361,3.914181842
39601,2.929065719
33980,1.970750572
65493,1.704540062
77175,1.723853178
18094,3.469545434
22928,3.076144103
52143,4.927430556
7835,3.084775565
74211,3.584869361
60921,3.288491285
94923,2.383028638
78355,1.908381951
29052,2.630107912
87737,2.416153874
30245,3.845833299
17717,2.803179584
54912,2.820361158
61036,3.607067281
61949,3.643719216
4762,5.20038529
61796,2.365310145
32393,4.085792953
51060,2.251869057
7633,4.735409069
66006,4.512595013
14350,4.081585866
99435,2.219917552
73811,3.245503821
53525,2.175957694
59982,2.863230806
38136,2.95203077
36078,2.299198014
21276,2.181646015
46065,2.679740999
28473,3.000299317
2696,3.21506855
29304,2.32259137
58949,3.713491587
24581,2.928851302
86171,2.340270061
88535,2.253713418
76486,3.319786349
30642,3.620414224
48986,2.974435644
69179,2.313150182
62884,2.371012517
46998,4.245762703
16757,2.973177503
3832,3.869879785
33692,1.903837134
94387,3.92363533
42752,4.019417555
20433,3.268299731
87374,4.088483077
91385,2.345783535
8015,3.475726241
87577,3.786727483
54743,2.35558618
60156,2.432813112
79449,3.901302658
28512,2.786537384
38161,2.565097932
13057,2.358430338
49831,3.395396821
94759,2.726602476
34535,2.661180369
37012,7.797920462
33925,6.371273621
65486,3.605610497
45682,1.92235446
80814,2.556063794
40636,3.238741363
35270,2.297676954
67774,3.589264718
51593,2.435628662
18495,3.623722741
31321,3.968925896
81321,2.868216392
57497,3.105981444
864,3.699519611
51526,3.981525715
44604,3.289983985
26845,2.995223017
70983,2.2019216
22625,3.301631161
319,3.310257648
93515,1.492827113
79260,4.434055188
221,3.29221221
1292,3.82449661
26014,8.347116436
100432,2.141830749
17724,2.425839567
32778,2.965691451
56497,2.778317138
79513,4.042879758
61637,4.044377076
40597,2.655894988
64758,2.636491587
26909,3.114491042
71446,2.554634523
11626,2.979703979
91178,2.866541425
57287,6.008231481
174,3.343094623
39352,3.335227927
24007,2.316514179
47239,2.425579287
100210,3.209175542
62100,3.192006307
19077,3.343832312
53393,2.958766314
61910,1.645427324
8569,2.391446331
97529,3.722567097
73408,3.123208361
24902,3.007015905
60642,2.519248117
34312,3.047097301
93624,1.932263785
35021,2.002424616
84433,3.278710949
34124,2.453796166
32960,2.778092721
49738,4.908270765
33527,2.335229103
47452,1.87433962
73766,3.402393778
80113,2.480132346
28392,2.507651675
88193,3.113905663
20301,6.748907158
80655,2.497975277
58812,4.274671094
49154,3.322179433
71435,2.167384337
6712,3.446569839
41526,3.908468436
33567,3.308327154
65923,2.725438248
49597,2.686764772
91601,2.590284448
39374,3.297203166
54171,3.552964683
27876,1.686872265
9883,2.044101976
63286,2.544603714
98510,2.917342115
18811,2.71325517
37510,2.88856297
4696,3.186370284
56005,3.102833054
46498,3.077035878
27080,2.947811314
16782,5.027814715
83781,3.7477412
21448,2.79295693
31311,3.098075676
100390,3.506698385
63548,2.724124852
39725,3.532972911
24200,3.485335328
38885,3.695918506
51722,3.320480559
3868,2.678965924
98572,2.779661146
95364,2.915718847
27724,3.299073665
40283,3.38758004
96651,5.097932097
100350,5.755542249
14613,2.730469999
40892,2.922931463
24625,1.798532785
29131,2.63625802
50722,7.274987157
15387,1.739324954
29468,2.713348781
16702,2.488119876
10139,3.002886025
71613,3.552679791
91649,3.116594032
44553,2.492412743
36304,2.658151877
32431,4.398013032
53694,4.364316638
37191,3.360090336
38028,2.23173014
71377,2.553532488
45132,3.721594985
43214,2.608238525
98316,3.256391056
75040,3.17431971
88178,2.224815837
61693,3.124085941
85272,3.034073054
39850,4.794079501
41418,2.024215613
7626,3.453871368
37506,2.285260947
75619,2.951187958
45395,3.305994354
31007,2.23224759
90888,3.328592852
32059,2.601444477
54657,3.958350242
71846,3.013593698
10449,2.583479825
92506,5.253588146
24884,3.011186394
90575,3.001199854
18794,4.066753088
17791,4.61292902
24312,2.865032695
42228,2.45777413
95330,3.388419647
35731,4.244897824
1260,2.377063051
7244,3.333822516
94873,2.792258685
18437,3.92217279
10267,2.078426779
96949,2.966786137
98427,3.188294607
99609,2.906164018
29860,3.677492204
10420,4.048398506
39074,2.404195518
16628,3.660669643
45129,2.611002572
7231,2.942128192
21126,4.176046157
35938,2.209145246
31911,4.093335552
54305,2.847063607
78254,3.413698964
1677,2.54861343
1924,3.710229894
80074,3.766816586
66611,2.79713357
83206,3.918272848
77119,3.090445703
43049,2.837258185
74724,2.468649248
95484,3.270229339
46666,2.629874366
48655,2.741769787
54680,4.112149435
23368,3.55331211
65005,3.088621642
88719,2.253436642
75016,4.138007209
43786,4.50827553
64374,3.565714854
51660,2.630656287
80379,2.372836518
95538,3.320863973
41760,2.977454374
13782,2.693588687
43471,2.804605779
1355,2.631733729
21022,3.155725242
47494,2.084611589
70263,3.380668664
71153,3.252489381
78547,3.253133725
37172,2.689417872
6528,3.821779051
71900,3.099430129
92064,3.118829624
52210,4.627103458
28475,1.832769969
52660,2.918907392
47447,3.992496705
86661,3.85124449
27113,3.210542859
49878,5.172426318
15783,4.522981794
53158,2.557294309
73494,4.081293532
3555,6.204573241
12934,3.442094544
46081,3.40864053
45279,2.529497232
29848,3.229241593
14496,2.858647294
17823,2.209137479
17592,1.790083525
74855,3.040465247
100225,3.691004893
45772,3.289087858
66544,2.917580108
4261,1.859844298
62248,6.065359042
13001,2.920766567
21928,2.714230763
42462,2.875500992
15860,3.37298063
65988,3.735701596
86432,2.451187918
99425,2.204738603
100395,2.347914355
43954,2.710776554
69105,3.277595541
99904,2.65346712
25005,2.496784639
68884,2.992272241
4845,2.61383389
23963,1.657706743
68591,2.876063473
39967,2.207657873
100967,3.606996373
58923,3.253028497
24668,2.767227182
67815,4.602106618
22151,4.130787756
21599,5.462273683
94949,3.251875479
669,2.409954122
36944,5.043306865
31883,3.364140137
21358,2.625028883
38426,2.579659844
34065,2.582013324
71495,2.343245082
90853,4.275295035
51600,3.850003811
40394,2.602598443
6368,2.840629957
33611,2.479678066
19002,2.63963031
80650,4.050507007
62831,2.87498604
87688,2.492408475
10435,4.296080365
61529,3.240512777
67323,2.528310621
51123,3.703539403
15475,3.196797593
96897,2.704907376
33148,3.019230157
58661,3.163527277
48445,2.953223046
3777,2.620524946
4373,2.667054735
15721,2.667675916
89447,1.964883528
34846,2.851931307
67006,3.595574418
98492,3.080566684
62017,3.699049334
84309,2.681811662
98550,2.874993755
1716,2.173985178
57982,2.658529957
77434,3.267039691
4127,3.713381737
19078,2.879303967
7344,2.975925763
1198,3.845681843
49329,3.319261701
7272,4.052014792
21499,2.857255314
17497,2.615267686
58424,3.320539691
33581,2.718859818
83762,3.214682385
41967,2.882106448
53073,4.13309649
64088,4.315070398
24995,4.450291793
30318,4.019778202
91871,4.182529364
53043,3.439842609
47507,2.608905554
57020,2.875426299
7792,2.637652669
5574,2.338063762
82797,3.183235663
58012,2.16379516
83870,3.674404197
88868,3.4097477
26999,2.212350688
18844,2.686230162
82771,2.759395947
83512,3.939589997
31433,2.853706681
5337,2.650341792
80491,2.582279551
81784,2.78204369
88506,1.922259083
49756,3.241002548
1120,3.268524522
5962,3.492245032
77695,2.998310406
38107,2.622516312
16820,2.054541511
12436,3.90709478
16718,2.43205231
9184,3.082859874
68660,3.427417386
77141,3.657859449
27405,3.294517651
68811,3.190822028
48523,3.216232617
71409,3.577106729
36638,2.042341369
30153,2.907405138
92459,3.106866236
4599,4.118897511
42727,3.270997409
4108,2.363595881
48818,2.338220501
46283,2.388374471
66478,1.37312022
84379,2.297949105
43328,2.823093364
15357,1.947791347
93483,2.374428443
80281,3.250472852
36126,2.924337469
63583,1.573349712
80108,3.329900299
41965,3.994795087
78852,2.677085665
45592,2.949607766
6246,3.349020365
84951,2.988688055
53326,2.381691907
38066,3.174263342
36179,2.955723409
1585,3.114144808
68360,5.071604592
26524,2.729656915
27200,2.512426577
5386,3.721565552
66407,3.240923013
86197,4.594373572
60825,2.696127211
97792,3.296047727
65245,2.598028822
9909,3.068080658
54071,5.261068365
52341,2.923519856
34628,2.086262964
71250,2.983603412
3267,4.272424319
24904,3.15315829
76683,3.363365937
82163,3.327673767
168,3.266018212
48868,1.967362013
58602,2.524328827
69799,3.706409725
100221,3.207865832
58788,3.158182479
66981,4.912668934
71879,3.401467171
62637,2.656637568
44288,2.957947927
47195,2.902741363
75868,2.182134665
36809,3.55612366
65263,2.910723362
32824,6.679608727
70285,3.171869531
35652,3.72543684
88060,3.419982385
74230,2.920352301
50387,4.1024899
6429,2.663380565
1830,3.017172596
78092,2.858712707
44351,2.70256875
92885,3.316895789
53981,2.518851914
5079,3.632112747
34274,4.791753836
34743,3.327723618
80555,2.704614136
38330,1.792720849
58536,2.844214289
95110,2.315427042
58305,1.847367368
81440,2.922897361
100549,2.331792264
61278,3.509948457
97910,3.012756921
8464,3.105836371
95266,2.436626364
52015,3.06432794
56998,3.445175847
70800,3.685443046
96626,1.986474261
41872,2.493788422
60015,2.742083749
77064,2.301272369
12054,3.152714849
79551,3.135013362
2215,5.345230732
89019,3.121736446
97997,3.748786351
65970,3.066736115
9045,3.706312163
43793,2.71286416
44424,5.051364971
98324,2.013814646
68381,1.870199787
97643,2.904258642
67441,2.610194955
8303,4.296775286
89721,2.006411525
85111,2.783006808
74871,1.464772757
100102,2.786206919
89034,2.869578921
67365,2.814256635
87380,2.747498446
3956,2.623363669
51947,2.654282907
25992,3.173172727
11403,2.228216836
85391,4.317674584
82883,2.511258744
82911,2.789629744
3707,4.210570878
30785,2.393699361
22762,2.82692608
21882,3.035151719
46603,3.020133205
681,3.736922845
81250,3.389277224
53796,2.621738953
27517,1.897020391
31861,5.392202882
17889,2.317376881
742,3.846890248
20912,3.571120913
72344,1.925203476
30547,2.016239391
79149,9.196489656
12419,2.629746105
38326,3.558733928
79450,3.00304546
96789,2.43983226
37564,3.990087662
37004,2.951870662
36797,3.213348006
44895,5.225964732
81128,2.800854778
54252,3.124074675
54116,2.193014859
100488,2.559422327
13650,2.390839875
85002,3.621214663
21905,2.510957022
37073,1.900947782
15793,2.381510641
14603,2.44926857
1165,3.655201984
40162,2.312008949
63220,2.751402307
47135,2.714798987
39120,2.412177874
99345,2.373564226
42396,2.91430495
58060,3.600417132
42160,3.59927167
64316,1.51216969
10214,2.450706521
63315,4.243153881
12822,4.173073919
4687,3.57707608
65517,2.616340857
22423,3.933068695
94675,3.103224093
2073,3.545874173
71433,3.3128325
52590,2.90452232
14851,3.590196123
10317,2.446260213
98870,3.599187829
78927,2.207627911
91031,1.59723637
43200,2.675137662
72979,4.332264011
96384,3.016737694
27926,2.547876703
7307,2.375108305
21034,3.561884412
61672,2.214328778
12630,3.817369872
15191,3.072817002
62439,3.448619631
7392,2.326285373
46617,3.131334517
48295,2.324034434
86265,2.410001122
73740,2.833167103
94610,2.930938204
24037,3.558494644
47062,3.719502905
82879,2.843264539
73592,3.583829307
66885,2.501132011
42517,2.41863389
69931,2.816065471
79027,2.868086192
93830,4.117309083
60991,2.294552473
27641,3.05395843
14074,3.228977952
3151,2.630532732
30459,2.946883734
81769,3.728763504
48958,4.040739458
38364,3.022803401
12594,3.263566907
47271,1.99601258
46199,2.733293658
99125,2.084536665
15529,2.755981136
58028,2.726870531
32744,2.479087957
25322,3.993850001
35118,2.665655414
39456,3.441602518
19605,1.870370774
72521,2.485190919
81869,2.699770799
89369,4.463317444
66496,3.062977422
26175,2.772853848
67600,3.042122813
78203,3.687527737
46609,3.076344153
68425,3.491330186
49655,2.120528541
46236,3.078465079
28380,1.752228748
93490,4.471232708
73655,3.238984102
98912,3.133824073
16619,2.92878355
60296,3.079070418
62809,3.756583376
9969,3.529939417
631,2.943336406
536,4.527011632
80411,4.952104946
84041,3.034003032
94961,5.740562544
35804,4.309690349
1431,2.76519114
13195,4.124167513
68949,2.767244988
24605,2.71614204
12863,3.613559467
17214,2.467068577
40801,1.523025816
75127,2.30548073
43627,2.098245739
31807,3.108257542
22786,4.931820436
99315,2.837539908
57609,2.362226184
47548,4.404422242
54369,3.738091065
60916,3.852456693
89417,3.1103578
81424,2.852060405
20773,2.411144988
20273,2.634746293
9211,2.54033338
46016,7.559637279
3054,2.45300628
47624,4.356052577
8874,3.519717888
91512,2.388399919
75267,2.711548363
33510,2.399224433
14460,2.58368567
52340,3.421748054
61770,4.521516959
32808,2.706509263
88574,2.627596985
56501,2.937790058
3087,2.514825174
84794,3.85367246
23035,3.08103499
52023,2.720047799
46510,3.211257329
6559,3.032127451
53020,2.849936838
24881,2.397533978
98289,2.966949913
77935,3.877072045
85925,3.113417595
3533,3.404504007
48526,2.429021766
71041,3.645926925
50584,3.166304947
45913,3.229211076
73660,3.27889214
19806,2.483794444
38217,3.666277954
73355,2.767756584
23227,2.926105745
82829,4.105067958
4034,3.380380337
77061,2.951153413
38240,2.833396028
55171,2.7060054
19486,3.569470753
90567,3.747377019
51270,2.91274122
79898,2.942095167
15039,2.904399011
96771,2.652173993
69895,3.055724032
57739,2.968418979
78964,2.929063349
8518,2.33898794
9170,2.60402381
32980,2.91127038
96076,3.520975202
14647,3.521915685
77592,2.673726327
4226,2.89845396
7386,2.70719609
32215,5.82687824
38626,2.79101264
29202,2.633674131
63832,2.675614436
6737,1.466326313
56031,2.272610564
37927,4.024702311
30974,2.682160236
69443,1.964473468
62451,3.778852726
25901,3.715472143
12858,3.349460307
53523,2.279616339
71924,3.531702278
53893,3.576525725
89252,2.252376264
50250,3.844493904
50227,2.219136866
79530,5.832381945
67588,3.551335381
91490,2.821720198
69594,3.150473501
16605,4.572726927
78309,3.277545142
95765,2.522965523
33008,3.021048383
5678,2.247329625
36234,3.122911774
62417,2.01829253
78793,2.33700504
47557,2.729150255
35765,4.311339905
94809,4.300047233
28465,2.623255781
1342,3.756416316
87351,3.005630042
62917,2.992409397
52777,3.966055602
93950,4.143137252
35362,2.547063363
32701,3.07959727
8351,4.181222196
71821,3.022821851
87357,3.435792646
13887,3.943807331
77422,2.796217381
68293,2.642805398
51495,3.222349558
788,2.346367888
95733,3.499458368
37570,2.562274539
11207,2.690594825
52883,2.88007757
11531,3.04649463
60617,2.480833203
33626,2.299185164
90956,3.271015508
56566,4.021936247
61421,3.511356519
71480,3.855267597
140,2.480650291
8502,3.102397724
63699,2.262589786
16343,3.568722388
23862,3.534099269
24977,2.739836052
24157,3.006304915
98010,2.745881925
80847,2.866799154
65187,2.259625297
36507,2.643443194
77372,3.130257378
7593,3.168607175
85379,3.422953309
41788,3.443864063
19004,2.991103749
17104,2.798765962
25223,2.373290269
50947,3.308124424
41172,3.307548025
82214,3.081306295
50827,2.660901455
83499,2.36096551
32022,3.04670909
6674,2.519958726
25678,2.397290386
57599,2.192566602
31796,3.696593778
30787,2.675804323
4105,4.22284135
58058,3.186113293
101984,3.074046428
9689,2.718194348
16542,5.581010558
10388,2.619662454
70007,4.646637555
28839,2.506958159
43583,4.493617451
21371,2.328194615
59438,4.140142299
43465,1.671884786
55498,3.403917938
90258,2.70680029
26012,1.984576001
52611,3.004087099
16444,4.077091438
67475,2.980464772
95103,2.994830262
90421,2.906750375
75331,5.398260839
5245,2.72784548
78769,2.123138287
60323,3.453017265
34025,2.471278335
34193,2.459838052
72350,2.913752552
75750,2.75752658
33548,4.230230026
32355,3.423240624
12319,1.962202206
82761,2.581352006
3265,3.359580866
87132,2.549537325
37738,2.653512642
101210,1.796294995
18189,1.687649985
9661,3.701499869
91212,3.355440086
34599,5.090693145
22381,3.626748494
25056,2.45558973
89160,3.487982122
521,2.673185373
18225,3.453032035
2344,2.865513517
92313,2.967277763
34221,3.713397299
97453,3.542777411
49396,2.96952313
43761,2.631251191
55225,3.129748204
8505,2.812644564
23965,3.674453562
81950,2.570729701
65065,2.888310436
95167,3.828891429
38373,2.361023644
76042,2.401084524
20952,2.935196568
51344,3.667710244
58048,2.992977473
15779,4.148570627
24259,2.303663781
35490,1.989760019
64010,3.259305762
57183,2.569948119
57976,2.579792673
61040,3.20155354
47359,2.701298881
9219,4.206466381
35727,3.038898373
73466,3.013991098
65083,3.795655292
85071,3.356235435
12314,3.554930031
9012,4.264460591
34427,3.010257584
42829,2.601538424
84596,3.030899164
51096,3.497100898
15465,2.822293602
62576,1.464770739
11913,3.97244885
75954,2.662723761
55565,3.694407998
59953,3.254328495
62030,2.977655003
40737,2.377319102
65477,1.615446952
65449,4.369048771
32490,4.116845984
91889,3.664084919
37839,4.947146365
54953,1.599933622
79445,3.175846362
47058,2.894166303
88205,3.459732071
87231,2.741805164
81100,2.894536847
41267,2.538074463
80224,3.296725124
101968,2.951566256
35881,1.479256858
87924,3.023102831
22510,2.819090307
44313,2.806859141
82827,2.669966965
20375,3.160557694
93713,2.316916589
97807,3.727293813
35767,2.420036616
44999,2.925413659
32755,3.945874699
19910,2.22999679
98674,2.446739423
52092,2.818438973
29190,3.124618189
4671,1.910331259
56507,2.756297451
42171,2.111295546
31250,3.490816235
42766,3.403978233
25490,2.982025787
87586,2.568551753
78968,3.144303342
83963,3.385011051
46118,3.143660755
16803,2.324440359
1246,1.834286402
80306,3.02406062
53431,3.196422821
22413,4.271025517
17239,4.731143595
5795,2.545952231
41676,2.675694452
75165,4.147120326
26190,2.577446569
12932,2.837856822
59413,2.588621716
38834,3.003632924
81623,2.168205959
4563,5.765179934
50507,2.872086343
86235,4.818608582
26221,2.803685537
10711,2.52971459
24858,2.811437406
4093,2.659181449
55176,2.737301006
9589,2.749867163
96533,3.381989164
16369,3.362165746
99671,3.591414751
74734,4.170678625
70407,2.526693915
39900,2.534775506
72174,4.954056683
77682,2.946417394
2915,3.016375492
9579,2.489148957
82662,2.908628367
57314,2.881725562
46467,2.720932615
64907,2.639242186
92280,2.699275297
48567,3.377368418
84499,3.018929698
94044,3.759266879
21614,3.113791939
69938,2.521885675
47096,3.471644226
57394,2.756230181
79308,2.872193982
73500,2.995196634
22033,3.702950899
16644,3.042986788
78562,2.884168989
17778,1.761518186
22194,3.673128417
577,2.315349098
54238,2.142012299
79394,2.617964603
35622,2.566967729
20262,2.667000027
1904,6.385682148
21405,3.196830105
57333,2.765508268
53130,3.226296314
1773,3.569206125
37369,2.416190978
51772,2.592556558
43164,2.29596806
27872,2.067913613
17495,3.10024872
19513,2.452286339
50007,3.810048403
18596,2.458122652
52556,3.494426684
22313,2.311256084
10109,2.620892327
91428,3.649315301
24159,2.764617501
83011,2.9590791
100807,2.528388408
20493,7.332168673
68039,3.505141609
33052,2.084664389
28372,2.920163861
75883,3.150521529
93427,1.692294116
85621,2.975520982
21875,2.822299425
51855,2.377455716
65291,3.983913267
44432,2.398937872
94612,3.235628033
57077,2.092683076
25854,3.049897851
33083,2.818116611
59932,3.850513119
4092,3.04895617
15765,1.436083907
33455,2.318542234
83086,3.595339188
18818,2.629903061
878,3.435514134
60005,2.432773427
44393,2.75364483
25086,3.152481623
24133,2.150748533
76017,3.193634123
20620,2.532067262
82035,2.810141761
61187,3.475983233
45427,5.375172132
40843,2.515738428
17335,1.951035667
11627,2.941515628
23506,2.653616158
49194,2.979263207
36412,2.772588207
58180,3.12900806
85590,3.512258647
70273,2.654943199
47499,4.383673388
49387,6.939517415
88567,1.561330343
95327,3.288606954
61811,3.096382262
70058,2.426075381
1812,2.928641087
11387,2.237804135
6825,3.032522917
66652,3.129646467
77432,3.305205346
3641,4.168368327
44758,2.603219485
27993,2.767610818
83009,8.481576398
86318,2.90596148
69682,3.908066786
69465,2.481520922
69011,2.150648588
12556,2.164620641
58543,2.84145094
13281,2.827680397
83842,2.024035081
24043,2.643227023
40610,2.53123142
45735,3.035653075
96930,3.632403
82458,2.112535389
48017,3.654415187
60697,3.592335748
11450,2.535594792
89072,3.093954582
16382,2.555361037
69069,3.10349176
59292,1.758146286
35125,4.315191074
38736,2.057546339
38128,2.848886788
95289,2.112183421
32798,3.128814813
38325,3.354569833
75999,2.15396923
77313,2.733347934
21866,3.156428684
51558,2.467432918
9592,4.025163364
16407,5.58998528
40930,2.115970673
46219,3.001341524
2482,3.275148374
87075,2.778850331
17163,7.689978769
84838,2.657186347
30062,3.238311273
13118,3.351094401
86652,2.629755807
25773,2.694621097
62231,3.078309339
21912,2.626490106
72602,3.273180644
23897,2.047890627
51912,3.01511576
66553,2.836498152
66217,2.310338445
37996,3.068502309
66938,3.366513022
95164,2.770663465
43670,4.195787212
39908,3.336703334
19173,6.138153024
331,1.764081302
98896,3.383831866
7209,2.667790526
73629,3.176592438
680,2.320057584
2614,2.507407904
86678,4.237002148
53559,2.192776806
21930,4.597753392
4533,4.524016399
77444,2.84692657
34933,4.837360442
2695,3.863947096
42209,3.398829921
60550,3.934394505
70656,3.389128169
50783,4.059424275
26356,2.7257979
43919,2.078595069
95252,3.105610644
67252,4.24112187
63937,3.188165323
34670,3.941408402
35148,2.699125213
10970,2.559984602
68850,5.361857048
75375,4.543424289
78794,2.577413296
100322,3.713298116
88597,3.154004999
81450,2.15404108
91421,2.606903825
73271,3.291366273
67843,2.836473032
38164,2.602161061
85556,3.20676384
23197,3.328637501
1465,2.362178229
8208,3.29548311
31185,1.773704267
60227,3.237261615
44669,3.545774739
65622,2.284699075
24789,2.874774875
94877,4.446243146
77694,3.174831233
29921,4.068284196
43338,2.097129878
75728,3.146168262
78962,2.183086536
40152,2.100244216
44212,3.278643689
51354,2.68020551
78192,2.344252161
46333,3.443642582
64034,2.38259442
60175,2.866559716
68908,5.26675992
7045,3.065291964
64383,2.799602763
90296,2.107845034
44168,2.520723913
64981,2.127479937
53777,1.828802873
4345,2.37696729
60778,3.677911702
57200,3.08973638
73282,1.898525835
25519,4.764697654
61549,3.766857206
35895,2.682483666
37024,2.889322218
53382,3.750006042
15350,3.313508573
19401,3.382090302
29595,1.894156476
58321,2.891816992
22745,3.539931123
65734,2.559677542
79146,3.52919935
52741,2.795847515
68829,1.822789453
80809,2.355945922
24291,4.884822186
27513,2.620632781
98813,2.280108998
101224,3.284366568
74936,2.581068378
34177,2.705577639
48292,3.063220168
1821,3.35378877
5190,2.795840793
82917,3.451127349
2198,2.41691863
69864,2.661904549
19942,4.076269323
86976,2.681792928
82892,3.411858326
63344,3.362359195
18361,2.746677183
21048,2.412388994
53791,2.612245904
24193,2.488404902
34149,2.984820445
56571,2.661077731
919,2.767503966
798,4.126593569
63172,2.378240252
18009,2.887063047
29406,3.907485745
96331,3.293728858
54731,3.151199877
7823,1.658186159
94413,2.694517638
87250,2.871058467
37155,4.317543378
80426,2.593126065
101196,4.414076182
86410,2.618829497
12017,3.495434185
90214,2.844866731
4038,3.33604518
55610,2.974656629
23688,4.962877682
55077,2.487510525
226,3.266196221
21364,2.013420829
77026,3.164712693
101349,3.542743161
9855,2.634049495
80617,2.435983457
76522,1.892397968
47220,2.030749516
81454,2.939219461
48223,3.099803436
66526,1.977738394
47633,3.775178928
87670,2.038934774
30555,1.447223917
30714,2.560543798
20656,2.284562238
23565,4.465653862
41130,3.274989983
84264,2.25549632
41733,1.931583444
100232,4.205630828
101514,2.049976598
63100,2.52106075
22106,3.859197566
17834,3.4422474
51601,3.882931814
101361,4.379815124
87788,2.618781133
70700,2.917439494
94665,2.707309964
59933,3.334273425
53049,3.007295819
41757,2.959663571
69670,4.203721409
55570,2.879750172
11939,3.934925457
68963,2.90150744
79132,3.349266281
29922,2.967986936
100885,2.548771986
4927,3.514914106
39197,2.696972492
83662,3.088971715
94008,3.001796515
61107,2.995340789
75885,2.245713978
17850,3.535338044
94492,2.906856384
35836,1.715433907
85170,2.843415219
45783,2.34215057
28830,2.812388414
33346,2.462228635
7083,2.821245571
45312,4.351192383
34327,2.335757881
82158,3.847376214
67088,3.685160812
86736,3.448845793
50372,3.148484922
40315,2.873287948
58408,2.75169573
11517,3.642618163
80296,2.519079801
33196,3.018175926
41948,3.846959341
76341,2.905625912
67140,3.221777568
74120,3.378044452
86504,2.972271387
63442,3.566490356
74202,3.499152317
92379,3.883844959
71974,3.396943736
27235,3.201307706
61975,2.473875436
32764,3.595779963
27324,2.579498584
90176,3.537415753
12190,3.520736985
62960,3.42590332
73393,4.312832157
13732,3.269306423
39862,2.074149073
73007,3.518957684
26081,3.942733049
64729,2.100220907
54797,3.341791999
38135,2.835367269
46295,2.202342155
53783,2.541690717
95160,3.268217975
45338,2.959156678
80951,4.383924852
90563,2.537681847
31141,5.242181868
50717,3.141788972
32270,2.649626922
23199,4.439919173
36322,2.567964369
101943,3.18392353
85253,3.689740341
6602,2.620881171
24938,1.823776084
56705,2.643275268
21433,3.257946464
89207,3.143853129
75846,2.464039145
83279,3.657106479
5420,2.791381956
33576,2.380507644
11865,2.676234114
29024,2.333162897
48109,3.814108023
49391,3.620790807
82920,3.222946126
97895,2.009655002
12576,2.560043994
63785,3.15601549
79405,4.194828319
28083,3.55204743
16162,2.891952931
13604,1.901554329
28842,2.678269861
17902,1.626483472
9865,2.699488444
47333,3.073890762
62527,2.584759244
59950,3.346717219
75680,2.287436099
16819,2.850856514
19578,3.342246408
93328,3.40327972
101894,1.867056659
51800,3.870459339
91386,3.479244529
95600,2.368580398
52108,2.207081598
94503,3.984188406
29222,2.326671796
65031,2.909238213
19087,3.546883091
50490,3.446236353
69826,6.02354101
48094,2.257598203
55193,2.707388267
83140,3.510950324
10505,2.748145754
84552,2.982743494
12156,3.435843105
23217,3.044217279
51233,2.682917337
55630,2.905169488
7101,2.941751252
33295,2.965264298
6684,3.448576288
61741,3.67148782
88086,3.221028178
46848,2.910191754
42041,2.72087102
8255,5.354035776
8760,2.183140618
26434,5.895254931
93261,2.650346494
36458,3.384620467
68423,3.717428375
11731,5.188957195
23401,2.110584349
91678,2.954398828
62060,3.805216052
141,2.866338009
97462,1.586020654
19313,4.761587691
84269,2.913828013
48938,3.348916198
34550,2.263662748
93115,4.204824044
1556,1.966129783
16154,2.662524211
54833,3.218152961
80948,3.102359492
23925,3.075900966
29323,2.55313453
64192,1.823269201
11689,3.484246516
87207,2.225005626
92642,2.568216292
40406,4.036603398
81521,6.687767955
94151,2.609965311
13880,3.426267899
90914,3.885317306
80427,3.056052394
2213,3.330710738
85000,2.586231557
30467,3.968688978
62529,3.641258839
83099,5.350650258
18691,1.676313871
85876,2.418242262
55951,2.791444271
78479,4.558173599
8300,3.258217931
64855,5.012406428
97404,2.008762831
95137,2.758556382
27675,3.973341246
49405,3.769991161
92296,3.481312035
61037,8.753432345
11180,6.890824922
100046,3.925308828
87764,3.23857091
74089,2.531693535
10487,2.615240209
19141,3.454838915
92365,2.311616345
17999,4.537832108
32391,3.690993707
4997,2.507843775
31475,3.620542239
55701,2.356063118
80095,4.127206065
80690,3.235817011
4168,4.297318198
16759,4.811109608
39006,3.02162904
18788,3.124353957
5580,2.409488865
11553,2.516779706
71506,2.772866894
71491,3.269581712
40817,2.722297876
80442,2.972772344
3266,2.932310345
55781,6.182355556
49179,2.08907805
5078,2.717867535
47153,2.352844441
42208,3.114843076
85455,3.097077329
80607,2.567711377
90057,3.919002619
40227,3.872246796
1155,2.567459579
49657,3.870965147
79487,2.772577747
18137,4.493025769
39930,3.481195888
41699,3.098170185
82912,3.854681756
58385,2.847894736
17442,2.684116633
63560,3.75249772
18031,2.198358753
21569,3.333612917
9407,3.1218418
84330,3.385109556
80251,3.175684894
49864,3.758168225
50059,2.232168198
74769,3.374615043
71667,2.963501729
938,2.469504381
4667,3.430676399
85207,3.630502885
97767,3.283439269
82871,2.513532924
17421,4.162213973
47205,2.819222468
15154,3.342456256
64402,1.932398456
44773,1.783766775
92562,3.314112823
36280,2.714141213
65037,3.609273721
70561,3.488776374
97675,2.766468744
63936,1.942105981
101795,2.762871584
27729,3.745154516
85894,3.860754357
23640,5.858484679
82200,2.704236371
61729,2.615360486
72836,4.038569188
31052,2.245016385
84871,2.946868729
79188,2.256227076
73511,2.743406271
55579,3.065022387
57451,2.104983703
98483,2.658823478
21524,2.51452416
62240,3.269737005
43790,4.886469636
90375,3.754399167
73070,3.337083443
38346,2.133284823
47487,2.867761752
85573,3.858189428
33745,2.80301257
96587,3.547585414
72860,4.336475012
7169,3.719536036
79360,2.45618594
56734,2.570436758
43097,3.565061287
63365,3.326978157
67674,3.282820097
89705,2.899962936
29544,4.536866093
52258,2.265765266
66723,2.579239358
94979,3.333391641
90212,2.203311675
52044,2.41306302
98231,2.926040432
3592,3.695307736
14390,3.629166239
51883,2.151410879
57969,3.247581118
95696,3.264227149
4747,2.605284522
25148,2.986355852
39029,3.253650169
12147,2.587872962
92684,2.880647482
89264,3.239733235
22190,2.472164412
36244,4.24351416
24057,2.832062661
35510,2.590924201
86119,2.449359457
46742,3.618986891
89900,4.347538106
98999,3.379730808
65840,3.065401629
89972,2.869482884
32040,7.556295155
21041,2.144938917
38080,2.647809009
45321,2.989305231
35998,3.793915565
94013,4.001789082
96206,4.301647579
55001,2.038962062
40706,2.6708468
95163,3.575551504
64127,2.141356834
39556,3.105097822
59341,2.535854372
91648,3.596112864
39046,2.933253264
99143,3.692478448
101145,3.463714272
78498,3.051050256
75369,4.024535564
19263,2.527633933
101191,2.985915718
94364,4.868371064
52272,3.527400663
93197,2.147018555
85662,2.942232216
44582,3.952045603
49161,2.635726899
27173,4.401584532
73529,3.359915911
71784,4.390626825
88121,2.633071383
91033,3.204836127
19070,1.781102359
12333,2.742248417
91812,2.831384967
81164,3.854117396
243,1.695354314
70630,3.762959265
8231,2.42965469
62402,2.843510287
86709,3.577324456
101261,3.716109611
97630,3.084200144
9333,3.394879561
41041,2.330386154
88435,2.741322026
63095,3.587230746
32770,3.303002267
71422,2.626814814
14957,1.739984716
15838,6.698430562
78660,3.468260679
20565,3.582464124
1197,1.770856152
68309,3.104361305
30487,2.449512588
38937,2.891768417
23160,6.410432402
4189,3.210075953
40611,3.245050439
99789,3.12262527
45658,2.820512481
78887,2.610051687
86818,3.778458725
36589,2.151736487
32197,4.0105172
40351,2.484221812
4912,3.049829524
94730,3.405128111
46851,1.99307264
66786,3.379920328
37795,4.614420514
90009,2.807998462
19491,2.772963516
68194,2.822112563
75763,2.720165576
28054,3.091730375
8640,2.573156528
89298,2.504794875
8665,3.523851525
2751,3.632358511
48249,2.560333182
99925,2.692860907
38632,2.929296779
89974,3.446760111
1287,2.637556393
20899,3.050252723
63702,1.745626645
43656,2.452593242
15093,2.617195302
58942,3.825839557
8207,3.006975622
91552,3.084637742
99443,3.623553985
78657,2.852470063
20572,3.332969681
31103,3.110964484
7702,3.205585125
99480,2.422471338
2538,3.828274292
68408,2.44754512
67818,2.933105821
2602,4.604539246
65344,2.600499995
78575,2.849577287
15497,2.316811721
88282,5.29369045
4419,3.469217965
78543,1.680108375
68151,3.293762571
71815,2.707363705
57340,7.862760801
70358,2.678121875
19983,2.475036705
86293,3.010317963
44503,3.462431827
55276,2.553770343
96068,3.10131277
12383,3.25327573
51107,2.500025789
38864,3.969372518
63792,2.993570994
35546,3.408828497
80910,2.998344492
93077,3.674134768
22265,3.185042643
42050,2.360068195
71111,3.465191351
8742,4.37657791
96412,2.236970494
59638,3.109467921
48716,1.949969328
91919,3.26749533
13054,2.358146252
87959,3.717381932
72706,2.718366833
30387,3.983386507
88707,3.177960259
4992,3.021640469
49192,2.273202839
10574,2.066994383
9271,2.716055659
44778,2.03409166
88551,2.889904747
22803,3.617679018
1886,3.316827963
27189,3.354955079
21427,1.995414378
94340,2.207021209
19728,3.308955215
18034,2.388298039
89170,3.491468418
78720,2.563506964
52225,3.484817526
81387,3.011970843
66551,3.179292864
101043,7.60124301
100722,2.249695472
44663,2.844005123
49987,2.868128861
32374,3.433652028
84739,3.531618935
21196,3.434746299
55933,2.751491226
49890,5.202854251
26126,7.100754458
99857,1.872946331
82377,3.510966849
84104,4.381032777
7607,2.811872202
68682,2.419540503
64353,3.272045272
54074,9.959493849
42408,2.097869229
15089,3.543275872
15760,2.233298441
76501,2.798058523
58893,2.270890206
16824,2.464836726
7292,3.353375112
71866,3.033501931
51711,3.39268976
7087,2.882610529
17548,3.007821932
12510,3.184561493
25042,4.550544766
7251,4.964008755
50415,2.681838813
32385,2.539079905
51641,3.280175233
52442,3.767663719
20258,3.59199912
60193,2.568566182
10182,2.592416594
53769,3.635539842
46528,2.016304388
92667,3.04828218
11608,4.951529707
58172,3.895039939
53631,2.901480079
67478,1.81692868
101647,2.390571931
9835,2.390759792
37464,2.803666788
71655,2.400036641
33432,2.943443038
85685,1.390482125
82543,2.427547411
38566,2.38193024
81489,3.631867704
54295,2.826767317
101107,2.667389739
30500,3.398152608
100832,3.196075043
74073,2.35710449
9354,3.568355203
26431,3.398676135
14583,4.53796559
36586,3.871906301
80520,3.118791599
16720,2.387920779
91147,2.145623064
75634,1.877201363
30796,3.584669043
66188,2.549447228
1249,2.82786383
48620,3.424760753
55979,1.889332573
9193,3.079000443
40939,2.412051072
40997,3.415118931
67157,2.813347065
38542,2.74368672
100420,2.545008763
94423,2.754908826
75493,2.198076143
99286,2.626679071
24107,4.27455759
81469,2.590844149
17749,2.4963823
45823,6.668759241
77427,3.59521371
96863,2.151185734
17038,2.315341849
88315,3.911171398
1385,2.929366984
89094,4.244751877
92402,3.004836653
21356,3.625601537
59084,3.584283644
43085,2.923463818
41145,3.68265246
29836,2.269379599
35746,2.91232632
51709,3.56724635
7028,2.952262211
93507,3.567134306
60662,3.514116988
30080,2.583254487
92923,5.983427894
52128,3.996864348
51913,2.553458842
64948,4.6784225
81249,2.639625883
18633,3.877559577
50946,2.949075836
68762,2.924528185
23242,3.04563913
7512,3.835664536
1362,3.806503897
19266,3.567320927
88620,2.584583136
54134,2.985546795
57475,2.479765375
11098,3.357148445
55645,4.125272913
1283,2.757908502
54399,4.072022246
48712,1.751843786
9189,3.390525454
35029,2.95200812
92896,2.416172213
87601,1.655760993
27731,4.012135608
42525,3.494246487
66193,2.871207081
60207,3.601138726
9071,2.60096608
17182,1.96318254
26991,3.129031989
56683,3.928955619
925,2.889799477
33822,3.779726234
52607,3.499990843
63932,2.46733274
20210,1.736798468
11582,3.308912686
72012,4.043272183
11785,3.373380587
8774,2.501041715
82175,2.451590331
80144,4.203151065
24708,3.216497054
38221,2.78142906
42480,2.511355947
84098,2.899981366
65180,3.249788649
84786,2.982038097
68713,2.683598366
8247,3.721427414
14388,2.609591977
93734,2.575517247
35502,3.210009206
97206,1.870446521
86276,3.477403623
77150,3.540832033
71289,2.211809486
74343,2.403156336
33855,2.555806446
68330,2.475242826
50884,2.019418344
91791,2.82760572
41426,3.87625699
48601,3.141973102
65059,2.511797391
43373,3.549416733
5522,2.73824055
42603,7.578064145
29460,4.155216915
25607,3.635841195
46808,3.069359472
6546,2.836944594
30096,6.350258982
30173,2.984112598
80381,2.595599194
35901,2.817338576
38955,3.605675212
18514,3.064779495
60400,3.691216321
23488,5.668281515
26199,3.631826293
6753,2.325484564
23769,2.872345351
49029,2.628651834
74615,2.629271829
74766,2.540813083
32182,1.921463293
10688,3.551297325
46001,3.540339185
33141,4.081301123
68284,4.166003187
41985,3.506991005
71799,2.8875868
11714,2.740521419
14777,4.227883918
86125,2.305808101
31050,1.837297293
42406,3.365003185
7129,1.77598284
30164,2.674487693
63022,2.77020675
25533,2.796734755
48061,2.372086874
41358,3.610059485
60692,2.140510437
33283,2.510978736
2544,2.921052677
53889,3.238026396
2022,3.472015049
60785,3.427370841
60873,2.943484969
86544,2.562382251
58687,2.512074287
67738,3.287664645
66110,3.364184434
55742,4.187891807
59664,3.427615535
32968,2.733673037
32672,3.127321101
16571,3.099521502
17446,1.721695563
30240,2.929652713
26685,4.507610184
27973,3.66269725
19531,3.233178594
19889,2.215865263
8575,3.499626647
40685,2.572561962
30539,2.390922307
75055,2.357787483
56742,3.898907763
12629,3.041696897
61862,3.795193462
20269,3.140910157
69665,2.091019386
27123,2.056897175
40745,3.401715763
1084,2.329373364
78316,2.500136032
14001,2.943189286
55114,2.584093479
23179,2.3380884
36113,2.417063789
45841,3.096110524
91534,1.567155115
85920,5.004061543
35208,2.259193092
88993,5.208921059
12161,3.092564843
44834,3.335968101
18994,2.583285555
10894,3.772923802
46695,2.548157876
64479,3.230705876
97872,2.604364373
37991,3.232986526
4147,3.724534393
29391,2.525919792
46640,3.889410168
39762,2.66642453
92040,6.055134872
38826,2.679017669
95569,4.134803076
10839,8.18071363
86712,1.681609444
92357,1.723273379
31004,3.38254923
47906,2.923311979
44771,3.765819401
65907,2.982374688
95553,2.447688395
59916,3.093899105
95675,4.130316856
75094,6.602405516
11688,7.5217252
41168,2.059550272
1589,5.823422153
15048,2.912010148
12729,2.633725852
7571,2.41169108
64987,2.453263723
58411,2.278835542
51175,3.197549192
82243,3.558235876
19041,3.147528111
98780,2.593565768
64049,3.932136304
77826,3.489685254
36157,2.133880804
83482,4.049513341
49545,3.429007796
51283,3.101473314
99437,3.437806805
24546,4.744761848
1036,3.449927929
75833,3.672328427
533,2.138593538
1506,4.648687787
26251,3.155328898
57707,3.165054491
89046,4.095902307
59546,3.151447062
90570,4.815765084
21745,3.925046249
22219,3.738117735
75598,3.042126995
33071,2.592549646
38012,4.349616457
28587,2.2800946
9670,2.4831894
61894,2.238675121
60972,3.217642602
34392,1.962173214
18147,2.488644215
66568,2.910396514
5010,2.737541843
45909,3.249210886
10462,3.338187007
70200,3.129592834
54844,2.881244455
29755,3.31485633
33175,3.100588461
3899,3.335703932
23365,3.277606403
20696,3.144684814
75860,4.75416328
28765,2.267057261
80229,3.553315325
64852,2.54616973
1621,3.01548455
16022,3.004506953
77551,3.52293422
96081,2.241767042
36437,3.25406998
66305,4.262581985
45504,3.339111137
80746,2.705717033
28833,2.785844609
44665,1.675856525
82743,2.609595263
99552,2.435350141
52915,3.137319109
71996,3.674908248
48308,3.022561894
32249,2.835709414
13711,4.064841687
38928,2.46365347
48332,3.247637768
21191,6.737498291
53827,3.8370632
101137,2.307736565
39098,2.549556409
24358,3.61952146
9781,4.457108476
60653,3.254869956
98356,2.772837867
35379,2.359157698
72220,2.889208764
99216,2.900522706
88792,2.036470076
4296,4.73571382
21583,3.02341356
87461,2.940036435
51084,1.948007549
49129,4.44336599
100829,3.931043823
15564,3.316617516
77473,4.466907414
74072,3.859159234
6362,3.02717657
28239,2.779606777
84123,2.673358425
71654,2.569708715
6502,1.692045072
17873,2.976359143
87145,3.176181338
45445,2.509429208
55802,3.036550529
61106,1.786163848
38085,2.687495099
47763,1.908290258
2205,2.742892876
10966,3.566703805
54204,4.082578543
76871,6.946847063
55556,4.427774856
33172,6.251860807
98832,1.699267596
34957,3.490379074
3149,3.113692608
59054,3.912697898
34267,2.21761292
81860,3.376208466
58201,2.823151443
44236,2.216819215
43780,3.400961646
24356,2.567673599
44113,3.254656018
39302,3.242503331
60203,3.255203254
29798,4.688034179
17893,3.084956312
44218,2.552071211
3521,2.704839813
68707,1.807498704
21809,2.484184313
9877,4.504131362
90473,2.638007196
41222,1.938503444
97195,3.255577484
8728,1.590756935
51390,2.947779214
66080,2.227817342
13400,4.299365061
53549,1.877854559
4860,2.633088646
35268,2.437649397
44130,2.317843722
5901,2.602706456
48572,3.143991132
68359,3.38754314
79632,2.116567253
90051,2.763293643
65441,4.099099542
63663,3.93963747
56361,6.526096799
6329,7.651656868
18494,3.028828196
32317,2.595980122
94932,5.143716421
54525,3.148102414
747,2.833220488
72322,3.613710159
84734,4.106528727
38645,2.692970624
96423,3.335608048
80563,2.462047828
25402,3.914825041
94016,3.862708674
87591,2.88914821
10466,4.855797713
28021,3.238535847
98449,3.440960993
50366,1.894322477
48683,2.921665881
19913,2.984605854
32700,2.441589715
36901,1.898904821
50658,4.813210416
10915,3.320795515
22917,2.833235588
39390,2.787478335
45314,2.242465135
13403,3.106240235
56536,3.003088225
42418,3.347860732
68647,3.332283241
76458,2.771803588
81064,2.918541065
34135,3.758439167
36087,3.357639335
98723,1.828915814
56348,2.832229167
89055,3.301144727
49826,3.348538656
8395,3.135557745
42719,2.078692404
93058,2.896795802
26417,3.026448884
60184,6.083087886
23846,3.935077933
97976,4.239106843
101084,2.160892147
36493,3.89878479
46208,3.192418265
49580,3.959511405
42729,2.681808151
79148,4.57014411
99045,3.161180147
90629,3.555679935
37932,2.77547904
47501,3.209646379
8840,2.493094558
34375,2.500341721
100580,2.266031491
58659,3.417198476
5486,3.879125667
50094,3.545730836
38430,2.858362988
46384,2.821844313
90301,3.199269228
56747,4.306100356
26670,2.698088514
98177,1.863636329
81242,4.008173008
39859,2.632698132
33997,1.92015473
71538,3.593069001
10019,9.958060908
22894,2.3913035
31280,4.46322917
92961,2.064266874
24507,3.018986292
40353,2.530825265
22286,2.116934124
54898,3.349834227
79506,3.465442883
7296,2.601278795
69669,3.218885266
79937,3.458547381
33461,2.582333371
60285,3.806960881
84073,3.073979727
46794,3.079538395
95499,2.986455813
17943,3.495629643
91890,4.260750679
21351,2.077733422
25091,1.604866225
101430,9.115789056
25191,2.969456947
72353,2.896477445
55058,2.764208408
82606,4.220782845
97216,2.047244246
10999,2.623584191
31296,2.930871659
32202,2.134786874
38375,2.201705896
85641,2.446680866
2814,2.648700996
90487,3.368950793
41975,2.898034776
66727,3.707751784
57508,2.312703941
10624,2.083752801
22384,3.029530222
100747,3.030825632
97720,2.43055922
63293,3.591905193
17624,2.373849201
54894,2.367385665
30777,2.814952706
78443,3.564240445
27628,3.436668673
21954,2.748424724
9576,2.774556015
75878,2.643707781
9876,3.073446722
70564,2.729654255
35999,2.384323344
31990,2.962038764
37906,3.364147443
68870,3.580238996
12613,2.704724364
11645,2.848735683
56853,2.688178794
72711,3.260753328
1808,3.568210661
50494,2.592277875
614,3.29326788
41227,2.821435725
15044,2.717954602
20905,3.921690939
6015,3.114672009
9827,2.244742792
50441,2.975854498
45756,3.483475635
61809,2.352091466
95891,5.280545534
25979,4.987875888
4359,2.880803151
96922,2.346422963
58052,5.460748478
8845,2.476580364
30781,3.625517855
42947,2.513502212
61657,2.571872114
94487,2.819042207
18910,3.763422906
87584,2.644074119
90964,3.621234973
65589,3.665090629
89439,2.032486609
23953,2.661085481
7343,2.834472004
94535,2.984344463
81259,3.193633944
85616,1.830899444
63896,3.183951101
17193,2.952041485
46033,2.895400912
33592,3.423575083
66057,1.888302526
36636,2.456280017
37566,3.378849804
12280,2.736087566
29862,2.961931563
19454,4.127478962
51759,2.177560433
90500,3.250639235
76668,3.113339813
51476,2.681200135
44173,2.584617043
22417,3.093437501
12045,3.042584359
13997,1.946295075
23841,3.502278722
46145,3.815926598
75065,1.732791994
3330,2.657869976
57452,3.408119118
19281,2.0589913
54360,2.275763369
28129,2.60319477
61760,6.315466137
14481,2.996993363
32801,2.466407176
99991,3.651733971
6227,2.680853354
48258,2.491286368
52978,3.062501345
34792,2.681992655
78999,2.65852861
28458,3.485770898
9918,2.152496223
52124,3.650730558
45206,3.445091841
44500,2.183346776
39974,3.232689438
71124,3.772384496
4367,1.774176683
11762,3.04818065
24779,1.939825292
31548,3.490232987
80080,2.289343053
17375,2.239661712
92134,2.889565775
36004,2.099422895
48624,2.764367424
13695,4.505186189
83772,2.925269483
29143,3.56940339
87545,3.987549942
78780,5.130842614
29549,3.088920021
85456,2.54759579
49842,3.32370377
23504,3.028598236
75150,3.283417374
11014,3.038754237
44887,2.476312004
47584,2.562575296
23776,3.216330608
24161,1.758946278
49577,1.779591368
17970,3.727834643
41857,3.484798113
20843,3.44185753
101850,2.319050972
50879,3.751195478
97489,3.7072537
19405,2.888854057
22209,2.604289777
10171,1.872690288
91239,4.156823955
60987,3.629267714
17356,2.70889107
30385,2.245604855
10748,3.791595881
71401,2.708310182
30896,3.705305763
92290,2.746255166
56830,2.665357586
38761,4.084776626
51870,3.865545645
87841,2.804300822
70829,2.102142465
33981,2.004378623
60713,3.322220583
75864,3.107334295
35886,2.900914935
55508,3.360047153
22938,1.926765286
87011,4.489697957
18738,4.23638028
70936,3.056743036
69739,2.68007379
78439,4.288434131
40338,3.318048997
77069,2.995712042
37230,4.665808449
18547,3.890957839
82915,1.651580391
40088,3.811589696
31409,2.310732924
78777,3.376622345
60935,3.128972329
31635,3.670174547
42046,2.079694102
30668,1.938482908
54462,3.439062642
12213,3.146199204
98122,2.347449441
28119,2.548546162
44861,3.38400185
86514,3.365653592
40606,3.394371468
65984,2.94608045
77250,4.106779859
43545,3.57792201
28277,3.49984362
62993,2.74743226
62104,3.841509871
26789,3.910362798
47043,3.458658253
9911,1.769651241
90952,3.252524325
1102,2.526159627
10083,2.829923215
29271,1.682883813
50524,3.467857683
2248,6.844625504
59348,2.71908132
91563,3.637911655
39303,2.25016067
85166,2.91694184
101717,2.947138288
65289,3.36547089
99830,3.642557099
77728,3.209628272
89713,1.907313725
12170,2.718777821
2397,2.777841021
12056,4.590152821
73334,2.737242613
99279,2.511579988
66959,2.872688974
56758,3.648146465
89359,3.054575248
56696,4.029087295
24031,2.035670644
82471,2.917262161
78293,2.266159873
6052,2.422514755
48468,2.466972831
17435,2.616967514
30183,3.269135831
65726,3.220397937
58775,3.387160147
63877,3.180687188
37941,3.175697579
33105,2.2112878
9762,2.711241826
45684,3.780744845
99196,3.533097028
21246,3.284638141
69286,5.53461925
74572,2.777265833
22556,1.900029528
10812,2.370378881
98926,2.747381024
69527,4.024257524
81271,2.638077489
70941,2.932243303
62442,2.792514605
3905,2.883172374
44003,3.482194513
86651,1.730114191
87305,2.589355268
74215,3.720656097
52750,2.569704083
7330,3.723973979
76157,3.127399014
89833,3.246202506
74333,3.57650321
54256,3.490405549
39239,3.275117426
31174,3.073021607
71683,1.907207774
5747,2.183207243
70792,2.671745957
79861,3.044034833
3042,4.078968215
58031,3.453333743
58416,2.653310934
75646,3.515699222
21744,3.022602036
24947,1.80479405
36498,2.719813233
36896,2.368699846
2666,2.36749465
87832,3.244289552
37148,2.214519942
91382,3.978644932
77875,2.954877198
57022,2.912163698
86671,3.838354911
95642,3.457674674
1703,3.415842995
81244,2.053754451
13000,2.585040227
54595,3.071031624
40532,3.148388021
63586,2.69476759
59961,6.271692897
84998,2.74514003
9947,2.276328978
48205,3.928083635
7749,2.641605531
101161,2.578571318
95911,4.560943587
34289,2.703922989
53104,2.686405951
32537,3.120468603
64995,3.93206177
7998,3.815281736
43109,3.368500403
42061,3.853206642
13582,2.709167792
38508,3.273991444
71536,3.190812832
39123,2.966233158
2181,4.030637668
71709,2.585452454
8470,3.015691148
34447,2.632069304
11016,2.970136768
24387,2.086247321
64170,2.427522323
86805,2.559515691
18970,3.48592611
33727,2.478764787
35138,3.292792772
17007,4.384104288
90762,3.691795571
99750,3.436515292
54779,1.733280227
13928,2.686494167
96474,2.599912413
1637,2.646083206
13430,2.364126868
85013,2.852001608
43882,3.863868361
40848,2.118954712
2970,2.502959347
998,4.480229714
38015,4.474760884
50051,3.026752522
8833,2.685623702
14188,2.161308956
100473,2.873802284
84231,3.052178526
28931,1.924812511
15788,3.817654732
57550,2.758524143
13399,3.608429972
8036,2.712976611
99755,2.421483217
26057,2.775539011
31097,6.795756439
18262,3.005024305
40678,3.997404014
51568,3.000220088
13311,2.78909314
98711,2.451274556
37617,2.804860731
3653,3.288663247
13757,3.204853758
10183,4.484228339
45390,3.794325251
79554,3.008736634
51725,2.09163822
50299,3.406554342
98853,4.125021595
77613,2.338483313
94540,3.406213021
13196,2.962964985
38669,2.318170247
91328,3.20102848
84236,2.518646576
23297,2.43456144
99514,2.876196498
22553,2.16813326
4312,2.979294546
21083,2.915948281
46234,2.869282978
39307,2.408145022
81027,2.126948199
69639,2.919509598
91368,3.416694586
30054,2.470522506
86999,2.378431223
43493,3.615371356
41036,4.753561236
39139,2.554928798
52248,3.435932834
86076,2.305660516
48497,2.861377255
54137,4.477568352
17337,6.678011566
53988,4.058332873
71213,6.487260889
21133,4.364154899
18882,1.864154373
87038,2.546988151
55777,3.277049906
50620,3.298694069
55929,2.671983608
62309,2.577836498
49434,2.942824746
90656,3.817923799
34787,1.714903179
36030,2.772856642
46180,3.422937076
77237,3.990607473
11638,3.943305703
31282,2.385820858
43770,3.464842712
84210,3.420630526
31816,2.42707439
17554,2.260869134
25952,3.308325239
56473,2.893492707
61100,3.759213481
64103,3.541306788
36992,1.714682361
36454,2.798829711
58379,2.450829279
53539,3.030059646
51626,3.310435109
6056,2.539700628
50654,3.068307833
90970,2.259781091
59786,3.036960477
55980,3.09101131
12815,2.496362337
98716,3.635003674
72078,4.126359316
81287,2.662618883
66638,3.050359764
58784,2.533340925
94266,2.448748814
30282,2.157482538
10645,3.482040882
66226,3.276113626
20449,6.128802864
79821,2.371188057
45163,2.966766965
16929,2.667533427
50818,4.120155907
24504,2.640874325
96918,3.266579723
40763,2.494124411
8084,2.952607716
54947,2.493479407
80272,2.755026736
67607,6.850069539
82231,2.193591072
90634,2.134542815
59973,3.214999423
21111,3.574987713
4529,3.394577073
73833,3.382131045
39650,2.590893498
3554,3.520518707
79273,2.724500234
52735,3.14480764
29464,2.381197963
29652,2.727095791
17266,2.580687627
37855,3.596790955
34325,1.460655153
26254,3.05678797
82014,3.507043458
27240,1.974586915
45565,3.639783775
54945,3.93472034
3198,2.61977553
6318,3.693306104
20426,5.076536734
28787,2.002459514
29866,2.539253313
99952,2.961669435
59764,2.43801249
96427,2.648650775
89865,1.838306731
64077,2.841399081
15056,1.809492015
98477,2.750237146
56584,2.75393861
89965,3.31867096
67796,2.517986681
81693,6.947470648
14404,2.382372565
81787,2.908157195
39770,2.908947612
38597,4.196509433
23234,2.051786627
18088,2.934737873
80521,2.591346954
87274,3.191769957
72144,2.266111585
27138,3.095513081
41632,2.43474717
100343,2.276266439
22802,1.631789796
61453,7.003443574
90452,6.190350815
63577,2.83210618
40987,3.774126623
69865,2.563271237
17012,2.930528064
69659,3.111342158
54624,3.736093289
93022,3.478169916
17990,2.925966574
82615,5.777271769
51819,3.621173144
6330,4.251793197
53518,2.838014154
51730,4.115369062
23829,3.149821266
83344,3.174196656
83961,1.8598871
92847,4.154296897
37546,3.491342674
12726,2.914387486
15192,3.17812228
47527,3.643527886
60245,3.348085823
15034,3.675782623
6770,2.915448928
96405,3.105156663
33552,2.401546837
241,4.841934829
95885,2.612482456
52325,2.680352391
18284,2.082094566
12262,3.092956497
38024,6.212745018
69240,2.249781894
26655,2.403752792
14415,4.745315279
85462,2.363111872
33647,3.303740422
22610,4.225470284
6580,4.791264523
50384,2.294020601
21182,2.180741893
50045,2.824024384
17117,2.599319827
75466,3.285492613
29252,2.524398709
21953,3.285451218
62842,3.824156377
55371,3.965053733
58204,3.029389588
57316,3.663672424
94584,2.664630318
87194,3.912745522
92997,2.415907106
54297,2.566885094
62656,4.758020733
54091,3.412901628
8941,3.276202117
32073,2.707954146
72603,3.924452429
1598,3.2832623
71027,3.876128568
21780,5.593698075
81794,4.303802371
77865,2.867841978
30370,6.961731693
41682,5.95282221
81876,2.514305409
7523,3.195088876
85987,2.149249874
43696,2.341762964
91950,3.654502779
64658,2.794852856
91656,3.980491762
99185,3.350171462
23011,1.847365196
53339,3.513937885
27946,2.273517354
94105,2.80084606
88181,3.132827256
34250,1.543726734
41356,3.485053173
62221,2.334645637
34259,2.147076785
101678,2.622576385
48773,3.060347537
42641,4.069409448
84129,3.651394514
92383,2.605263042
23548,3.24803997
73440,3.356797759
2699,2.902714658
4452,3.378759901
2674,7.660541067
2330,2.409730087
82556,4.101958803
7674,2.871814741
50161,2.936986872
66664,2.360371504
72246,4.633091304
6683,3.936837376
13210,3.54407395
20349,3.167751099
23169,2.965136766
97397,3.095863118
67171,2.781881032
92429,3.651705018
35877,3.339002036
27207,2.9217985
79292,3.313390409
86100,3.205170324
78918,3.325518131
51852,2.881802781
73639,3.549101871
62239,2.749500358
30071,3.735226733
83259,3.973639867
17417,3.461517127
524,3.241947707
56170,2.610913433
12642,3.335618945
77344,2.165607082
4905,2.6639263
23922,3.221472138
56707,7.040920737
42475,3.070702755
55261,4.122680752
22028,2.900153521
93025,3.25042625
56077,1.65396918
35987,3.291606262
85474,2.963009664
90936,5.020262006
818,3.936343289
78710,2.820973464
36758,4.65969766
99722,3.090870743
25700,2.75684801
37166,2.888447624
48313,2.180999176
61627,2.657023936
40104,3.766920397
25995,2.221599558
55162,2.805813966
19620,3.250313635
82722,2.169076937
77523,2.728715322
20241,3.607494615
34074,3.391200982
9973,2.368856613
84159,5.485894125
14819,7.744824131
34865,2.139058035
13628,2.865971555
6355,3.778821587
19994,3.214161497
72264,2.945702582
48719,2.896389241
19779,2.515722882
25475,2.944253678
78129,2.571868962
77843,3.194694628
38429,5.474298389
21666,2.218864993
22479,3.393628076
95851,8.191664867
28438,2.37424968
93488,2.37572398
95766,1.341578029
41827,5.11167847
53859,3.012773914
48635,2.365378649
94749,2.980153864
12331,5.814285271
7164,2.843564292
43857,3.084784907
25887,2.975138447
69948,2.355330556
68597,2.421091255
49538,3.999402155
96413,1.781573407
92187,2.997271829
84114,3.49049565
32047,2.950036086
96173,3.53758393
8634,3.150632841
72838,3.624298455
16323,2.36004379
86288,2.461298688
45787,2.291882171
57016,3.152445596
35814,2.420969222
41904,2.245329814
65669,6.58524155
18535,2.179065952
73039,3.236106749
14306,2.404010562
83082,2.84683183
70736,3.383828594
36631,2.407542171
71147,3.557551716
8078,2.523123575
72425,2.268432001
64850,3.123877178
59083,2.869283071
1348,2.818677563
31262,3.069827928
55086,2.776163436
87106,8.281406667
36784,3.32156502
84645,3.259268512
9471,2.209076917
64404,2.846986289
59275,7.522286296
4024,3.151765638
17136,2.737182874
78734,2.077753917
40726,3.224344933
20117,2.617646238
48011,2.596785473
22807,3.867413895
59371,3.404835298
50370,2.137058781
70762,2.442249511
37082,3.602173609
61514,4.419847295
11367,2.602744721
101192,3.349444894
70968,3.382984966
40286,2.862863271
63571,3.809673247
30581,2.501659732
58877,2.859973647
85419,2.169135491
25027,3.735559692
92870,5.280374868
60910,2.862411826
80363,1.564188159
53605,3.064937731
1686,3.067273617
95678,2.021111932
92640,2.103398715
46800,3.289488357
54982,3.0874428
8162,2.890325677
87362,2.750000455
53280,2.320199247
23834,2.909743447
52581,3.517157958
46004,3.025024305
76034,5.610138038
14907,2.789848958
40126,2.409740028
78503,2.42228853
60292,3.673755237
53831,3.345783214
86153,2.217826861
19248,3.245693201
12731,1.588470907
73215,3.420681869
13473,3.971276272
23546,3.836849708
100554,2.748620191
76708,1.804532395
101726,2.628889593
57264,3.046700591
30296,4.640427561
63986,3.180521891
98067,3.706634384
24757,3.668559635
66846,2.86941539
48736,2.419036568
91285,4.59831696
95692,2.754500477
80724,2.353341473
249,3.776888895
82947,1.884355189
64443,2.680931188
12362,2.705820316
9368,2.533987794
583,3.464862942
50305,4.215863261
46514,3.020389069
45737,2.682743813
18996,3.012126975
89742,2.299267801
5976,5.638415144
85767,3.890155451
50256,3.188320156
19955,3.71008803
88502,1.787882795
986,4.182825273
11483,3.95653198
4249,1.61218873
37404,3.112648729
28737,2.657013395
37953,3.040713596
1390,2.735814943
56729,2.364573779
48142,3.448531525
65564,3.940131147
12957,2.480668807
35876,3.739293188
91657,2.684367322
96738,3.209159029
33620,2.061228907
81502,4.053661703
64868,3.243374773
84493,2.392822704
23654,2.915865774
101705,1.846754915
15565,1.804515847
35431,3.311536886
3561,3.007692733
50968,2.936645047
1987,2.92495729
95670,3.750534281
99335,3.699822966
9982,3.710964819
883,2.008589363
65573,9.223169842
96382,2.050334939
87885,2.962629406
19711,2.778403727
61236,2.840031998
31357,3.614362574
83749,2.778752485
2543,2.425089305
73360,3.113929476
76797,4.062796596
41341,3.035943274
51496,2.81902636
47934,2.492847027
84106,2.622538154
63309,3.085276839
88760,2.88240395
46132,4.099700554
83090,2.799776332
27631,3.633261158
63934,4.243366387
43944,2.851703068
99802,3.060592763
60674,3.19880813
74002,4.719318566
21694,2.904061343
82831,3.460376049
26781,2.149447789
37588,3.103921487
37999,2.951272514
2883,2.036394627
48136,3.28679644
98391,3.01127746
60291,4.489331526
45494,3.957271838
41747,3.34457502
64058,2.574148639
78484,2.690838109
37620,2.852616222
7519,2.403301515
3867,4.103894254
37062,2.733004982
20989,4.314042039
90480,3.438469231
92035,3.484354919
31604,2.716579282
64856,2.618338976
68154,3.392917806
73538,3.203985626
69049,2.917270529
5046,2.73930696
42812,2.284582066
76268,2.286087425
78093,3.974919566
60126,3.684687133
78427,2.626537053
29376,2.811309104
69253,2.375975006
32660,3.168017723
47951,2.074402319
81162,7.742711756
61059,3.748955515
32893,3.735293946
100359,4.602848458
27202,2.440537491
32685,1.876023815
4159,2.433223461
96403,3.455865882
26385,3.419445823
37443,4.963083303
98287,4.01968083
53463,3.785958592
74453,3.256477148
6458,2.066885019
16305,2.897890452
30399,3.667168755
25408,4.339282559
41067,2.78209495
42891,3.149143081
85293,2.352143034
36945,2.993557794
39881,2.269993498
38056,1.781015347
74585,4.278951818
78601,1.946913126
13148,2.897123322
73324,3.607527011
12523,3.28581609
88281,3.421968759
85771,2.74077567
22116,2.422081049
43623,6.324402795
83433,2.424315434
12861,2.881603779
2105,3.456415359
2942,2.503279605
55689,2.739453665
58756,4.925123421
55397,2.924455186
33058,2.982292077
61538,3.912266259
89740,2.020474276
27459,2.882540768
61565,3.143242467
96374,1.930932983
89122,2.394336672
22085,2.363155904
45457,3.164512996
25835,2.990084522
101638,2.070486653
94819,3.311993871
85597,2.463344333
61004,3.351027728
10786,3.336162695
55692,1.52175181
58436,4.713724379
97884,2.024524124
11777,2.238508395
10717,2.943429507
51797,3.148867565
34573,2.784111811
70603,3.015388613
43867,3.253860838
39301,2.444147037
47293,3.102289103
74524,2.655085676
99083,3.707990609
17651,2.817059873
57034,3.292067948
87551,2.528540659
45830,2.407213335
42619,2.777452581
77248,2.168506091
45007,2.475351307
81118,2.088700694
87709,3.435194154
42614,3.335288478
23849,3.720373785
25444,1.947854084
40350,2.809912476
93056,3.214616623
98456,2.909677527
15271,2.65079718
46532,2.800314967
100061,3.018283833
26278,3.173734531
54933,2.595523651
69479,4.151691291
11461,3.30610566
49616,2.498831174
87262,3.056341222
92514,4.101093854
98041,3.164668314
33135,3.238980938
60019,4.911233327
43530,2.914952947
26796,5.372576026
42904,2.371258031
49507,2.147317373
74368,3.800127853
53873,2.855121659
38026,2.850121203
3287,1.677737306
85472,2.992262463
42477,3.871747478
41072,2.283779392
98053,2.559052914
94100,2.661679753
8631,1.791210006
101552,2.723754521
96875,4.412681567
40429,1.946785141
33249,3.238878903
23306,2.320669648
71766,6.541046318
98795,3.545606687
15886,2.108282988
65593,2.252524702
4106,3.868598936
87635,2.482375604
88457,5.205997883
53745,2.983822862
7562,1.928457564
46395,2.95549753
10765,2.225599989
53510,3.74541247
67388,2.735448715
76043,2.268035889
13317,2.670302949
4939,1.749408074
56246,3.476903171
27056,2.149605555
59684,1.730065593
51271,5.378812823
93704,3.414323285
42809,4.54157539
73883,2.620285624
63852,2.834788758
51103,3.254405443
34883,3.502342946
95297,3.018212309
49670,3.085727031
65795,2.385457221
54228,3.310380383
3001,3.154448695
17306,3.156572135
30803,2.93022734
53965,2.816206659
30661,3.79827313
39723,2.866387288
59889,3.644019562
58983,4.159085936
33062,2.537863165
93015,2.49496698
848,2.794953299
66832,3.577107895
98625,2.778579952
62828,2.363014988
70547,2.561478309
50838,2.467995482
69259,1.728387522
76073,2.564424246
81357,2.070989481
9513,2.597951242
11851,2.594045199
82569,2.640498644
30444,2.180627526
75781,2.957798163
24959,3.601659867
64979,3.308652518
11934,2.764711079
23509,3.214104251
1903,3.799851321
16094,3.736034033
76012,2.307166237
52920,4.212074421
21966,3.464519959
22062,4.287994796
21376,3.978305512
85286,3.746664648
100667,2.489870059
91121,2.487023259
101352,2.19477658
56870,1.968225906
79069,1.962817917
66097,2.546613534
35173,3.386557157
15890,3.64346238
18098,2.669484795
27293,2.432757617
82808,2.450971293
79281,1.493318758
36513,2.618463241
62478,3.662077141
27166,3.135239279
66882,5.330211141
83237,2.729851729
13586,3.245388936
64857,2.44258093
54954,1.90441025
68745,3.688527999
47904,3.162708196
90397,2.365597944
71175,1.360304161
31110,3.420350193
84019,6.4906251
25310,2.641709539
36715,3.051043348
45137,2.397798499
70177,3.073814319
59007,2.920021739
99264,3.199286389
19115,4.108321597
68950,3.188333461
52087,2.486457864
67914,3.474709466
54710,3.335690507
25736,3.412430588
19203,2.727892606
12384,3.025772352
25318,4.656546794
9872,3.352565946
7305,3.251668033
2090,2.698533964
77972,2.455636018
18600,2.378002143
6061,3.168113562
94901,1.614635855
89244,2.251739626
58328,2.891736324
50405,1.868302648
58698,2.518115728
66059,2.658217057
62162,2.600653417
73669,5.367727323
42330,2.550493804
19109,4.239970607
45621,3.30675854
69454,2.969885793
36118,3.748931538
74268,2.594438802
92945,2.292820345
31129,2.741640801
95012,3.11687593
29348,3.088133054
99162,4.146713382
74683,2.940385065
44430,4.004554488
33953,4.357751285
69546,2.960519808
65424,3.266112946
41448,2.432154787
65417,2.033889553
100333,3.33982131
64343,3.328514664
89801,3.207013302
36247,2.508382961
84917,3.576169042
46382,3.132150916
37739,1.694112798
19121,2.511376833
67817,1.866275833
19003,2.814550122
16982,3.153930673
57929,3.225953687
82840,3.05726433
48009,2.882173957
12003,2.914385684
55838,3.727581723
14805,2.992058633
63621,3.088017091
61707,2.564426496
16814,3.628171152
40924,3.218807215
49662,2.153058745
5033,2.572087946
47832,3.834829357
18153,3.268261053
9088,3.84550206
88133,2.876371726
63461,2.829097237
42332,3.784815776
4734,4.320573165
72515,1.626126741
21829,2.15188634
72882,2.94505138
98360,2.748648379
80457,2.675021225
99077,3.76428068
69337,5.25831869
67761,3.498839654
97542,2.31932971
97232,3.313660176
68959,2.684251119
5727,2.613549489
41521,2.14642134
912,2.125415722
83980,3.902948721
32006,2.860203539
57753,2.080221986
89621,3.094534987
95534,2.252037584
91966,2.298887316
69029,2.868826839
54451,3.404626643
82366,2.615110563
66124,3.652704832
82087,1.79939621
14733,3.391061615
60618,3.34512894
53064,2.771011458
73172,2.063413686
55997,2.917451838
51917,1.969265572
496,2.013914
58156,2.69931904
26220,5.200967098
78087,6.756738836
73827,3.881119038
85027,3.12121841
12053,2.820947269
495,2.73466736
39845,4.82841107
21833,1.976786237
66826,3.060029088
97610,2.076888059
21876,1.926865691
52984,6.047616434
80589,2.170544172
84030,2.962843191
91429,3.065000238
94516,3.582607851
16762,1.506537557
56898,3.22367821
73750,7.205686073
55311,1.807868618
47885,3.07413242
96416,2.133946659
10339,1.555973179
26378,4.110795292
68317,3.123146715
41986,1.688806397
10665,4.73942513
4084,2.274875302
60537,3.73957858
91712,3.049619339
5140,2.267814839
76075,3.099810051
100142,3.03566605
73580,3.434664628
81201,1.926150263
53587,3.707772962
17818,2.374791591
85485,4.394414981
26495,3.070796074
99394,3.35588601
69529,2.758716107
95391,3.594677973
57195,3.627675687
78057,2.773159453
7133,2.750246585
16025,1.894189289
14197,2.492592663
35961,2.464296184
58958,2.909610649
67560,2.308498058
73916,3.524305443
84102,2.670089669
11424,3.069787479
30123,2.438040605
99160,4.367651924
89157,2.734359623
29779,2.893262256
69635,2.49126383
5937,2.396968423
80705,3.176152918
20148,4.292303008
89642,3.099033039
8299,4.094513815
73851,2.818744479
31898,3.194488087
6857,3.457771332
8172,3.242186516
2471,2.814713503
15771,2.098692745
22719,1.84871656
81133,3.240216137
4051,2.467813242
76455,3.722115168
23723,4.345560193
57830,2.907609768
80265,2.721731201
56894,2.56584674
95926,2.80475004
74899,2.820057715
98174,2.499720952
98193,2.817843112
93020,3.290010255
85290,2.403594082
99847,2.769081886
61974,7.30073507
89986,3.581837257
33863,2.439200696
34624,1.883774874
45357,2.982627267
52094,8.081374544
33268,3.209628375
21292,4.036157728
101096,3.032891711
50423,3.450734554
67562,5.931784554
92783,4.101996147
30108,3.558762757
29756,2.663976528
40159,3.765811249
91387,3.776860677
5605,3.471725149
61609,1.971740883
52014,3.296186666
85464,2.385381872
56057,2.71843651
52939,2.589163921
12555,2.803267834
83382,1.627466749
4991,2.133088132
31106,2.216670409
12039,3.596082353
18161,4.760448854
16894,2.255561797
7027,4.837447407
99916,3.080623748
12702,3.62103563
45152,3.186142345
81264,3.254743976
74670,2.015788563
48934,2.735206242
9888,2.604223034
74143,3.047781931
47748,3.059570971
19062,3.775860153
39505,2.579659721
65162,3.590843211
94572,3.300405334
3072,2.566650839
9406,2.729404501
51846,3.1700798
6035,5.755062557
60925,3.134409092
84275,2.373154585
70609,2.92997103
9206,2.084480101
69708,2.319586138
46602,4.474833676
88126,2.024702527
98874,2.624274361
20245,3.291981523
71132,3.232331162
33234,2.884685906
5832,2.603708821
93284,2.233867655
5784,3.091366021
34919,3.03210575
23781,2.962538449
97547,3.457439074
53804,2.623627448
29373,3.06851048
2434,3.540500623
82309,4.802183994
90683,3.715821435
95036,2.159387593
18246,7.944762479
83722,2.084152801
68502,3.99238361
87622,2.830789188
42295,3.512016043
10035,1.568928716
24725,2.304212126
63732,2.945175279
46232,3.101134208
28928,2.499252394
60089,3.103705429
8019,5.774061684
63825,3.415660547
57563,1.844472544
92591,3.901666728
58144,3.379615581
96681,3.192798858
44275,3.466006957
37892,2.852811427
90435,3.212575234
85510,2.809023447
32082,2.766504301
82717,2.688433406
92325,2.539803681
48204,2.072035115
64684,3.824124713
54580,2.185137054
93440,4.378750308
81638,3.799594463
19808,3.605623313
3950,2.707144913
59960,3.097477659
28162,3.264096938
2910,2.578189333
73013,2.67110496
34613,2.975525075
14187,3.133760367
7668,2.801659541
3468,3.331356329
61619,2.55874368
45316,3.673408503
23150,4.049891538
58628,3.189274525
20764,2.373214579
28645,4.931845465
81735,2.983087482
47373,2.19568548
58061,3.439252786
78731,2.836758741
49265,2.551305162
74740,5.028344826
90684,2.537838938
82077,2.844232312
96063,2.412834397
60314,2.830166459
8106,2.61802993
74249,2.123877272
74955,3.302980994
22738,5.034812604
53543,2.601419651
34162,2.672514679
22493,2.940827145
88384,2.919479873
20029,3.435831355
7314,2.908439312
51061,3.14549233
55515,2.895033775
67015,6.995417646
13981,4.115942612
6398,3.789403345
15429,2.56243653
33064,2.321996735
1259,3.028842329
90398,2.06767311
47467,2.885080818
6763,3.321520961
48784,3.192071514
93941,3.7407671
19932,3.057058982
29993,2.304986502
40108,2.714097211
14037,2.93315984
48110,2.887009593
49908,3.076806904
7643,2.710227808
81199,1.987385771
42593,2.481211926
39089,3.305191105
72854,2.646353023
56503,2.564464853
7947,3.129471689
47694,1.78506115
23891,2.321624225
10548,3.387921225
74940,2.998960872
53637,4.807755603
30852,2.627125488
63846,3.235613836
47990,2.412549674
27783,2.935266279
14359,2.855112023
80157,2.593932596
101399,3.805858376
98596,1.555004754
88065,2.17236781
81683,2.476874093
43280,2.158532383
16275,3.499045307
51925,2.897779209
58637,2.960058865
91427,3.686449612
48529,2.502957026
86053,2.722192781
73349,3.964606978
73869,3.412466376
21253,3.4127316
52229,3.081314933
18628,3.538315206
59911,4.102188662
1917,1.838059902
99749,5.463384155
47563,2.443686745
76875,2.73416376
37652,2.879954161
11323,2.427920866
24755,3.105724174
446,1.791212883
79014,2.694069651
995,3.616147296
98727,1.908871757
61593,2.801256852
15074,2.568708293
52803,2.873825296
74469,5.429120943
17867,2.910064538
26350,3.742632169
89785,2.790586031
80068,2.502767906
30338,3.048533687
23828,2.055476127
58283,3.511968924
8857,3.24598463
100357,2.941365805
48210,2.99138992
18920,2.810791554
67737,2.440905653
79789,4.533849488
70965,2.600342336
75548,2.177075435
78206,3.815865402
88390,3.095422676
80503,2.738158516
93245,3.009077817
95550,2.831777905
97641,3.979061151
16234,5.943182932
65409,2.443063212
62710,3.640729801
33441,3.66839756
1731,2.958269077
87433,2.541865474
68323,2.401575908
1600,3.358102846
4397,2.974378604
36802,2.937046722
69852,5.105974435
32204,2.619617255
20615,2.71022622
19736,3.389259149
47691,2.641044609
41973,2.287836569
70897,3.272627167
100438,4.403587706
77016,2.772160022
18048,2.542793253
50882,2.984016396
48141,3.541604294
12287,2.549321722
19963,2.376649123
63522,3.516847936
76481,2.822817015
37497,4.438260526
91475,2.355885227
6952,2.944166716
84181,2.052382857
58744,8.099185981
18787,2.279336895
92447,2.287964721
4260,2.826900119
4985,2.058356894
71048,2.890410191
99268,3.323826799
13941,2.397232374
16547,1.771469892
40531,3.106029697
74418,3.685536269
49781,2.352479889
95690,3.123317484
45670,4.77460316
74694,5.121991156
35576,3.582433662
64555,3.650384891
3237,2.562243746
63707,2.503623632
27706,2.46274175
89276,3.604334401
532,3.615716067
100241,2.870756201
48187,2.78702538
82403,3.862677609
85545,5.64486541
41614,2.590561409
18014,1.80082355
42556,2.343133481
34528,2.293660031
67498,2.321027649
56017,2.951076087
19472,2.289470357
24760,3.441480607
34572,3.198929302
20471,2.989689434
91034,2.957762527
42718,2.730781751
12074,5.002630362
26630,5.622637426
76128,2.382835459
85024,3.265605951
82940,3.109195749
3866,3.504383588
33474,2.371401113
28254,4.366893485
96242,2.634423769
69501,4.113602322
94252,2.181316031
4855,3.493343324
95298,3.760272546
53110,3.402206607
37025,1.942733223
89002,2.853399418
83489,2.083182889
55809,2.815086827
67026,4.208973408
57363,3.121223346
93677,3.451999104
40714,1.875092384
63593,2.503368313
85219,3.284964533
53169,4.227886471
48598,3.719618131
20963,2.426710085
29947,3.175313366
79575,3.487507854
50088,2.729844487
57849,5.012178555
13096,3.082637988
86054,3.5164772
90467,5.006361649
81158,2.773507376
12710,2.125004793
94435,2.885326728
101301,3.343338811
66050,2.576168195
56809,3.041460646
94613,2.345526377
73457,3.390030111
31242,2.46002101
41266,2.680743653
60055,3.057136955
94177,2.158930488
44018,3.152019554
87561,2.815639327
60545,3.477302048
51082,3.74349476
60933,2.575091351
39958,2.873906293
51300,3.010914876
57453,2.986745924
50234,2.908443213
49087,2.046343538
69741,2.517068484
12294,2.887827603
58304,2.915732731
58944,2.2479647
14383,3.318249373
100827,2.153122995
89997,3.365242073
36673,3.477627372
42831,2.887922181
93382,2.952693585
62022,3.243840388
87805,4.321934885
45782,4.071473226
3051,2.994080503
65598,2.46407618
95459,2.550506018
95988,3.308857481
78407,2.906988202
70231,2.714190143
77888,3.529280747
76372,2.783217678
5512,3.21559449
10728,2.831577685
70590,3.286736402
75799,4.105876356
61515,2.725466529
8556,2.474066896
46358,3.398729552
87291,2.930976445
8765,3.142962364
47070,1.989536311
61302,4.219538105
65376,2.62466176
18577,2.980575339
68463,3.240682144
91193,2.49819259
61606,3.063612689
27598,2.475290605
93561,3.470393503
75716,3.032256139
90181,2.650137745
27801,3.618174817
91261,1.787849498
44481,2.914905863
15708,1.907541829
47852,2.639725408
100264,2.571677147
60135,3.323593465
78271,3.59393446
50826,2.777189728
32007,3.825709408
8842,3.321229085
8610,3.42617833
49518,2.063887431
27964,2.47948255
61883,3.079239845
83329,3.828185156
41531,3.324894225
42262,2.180922526
67893,3.366817331
90034,2.771319659
82312,3.518998161
15486,3.671332914
69077,4.107069791
72219,4.020727104
3679,2.506786328
9961,3.189580471
88303,4.395097453
66373,3.628119092
74715,2.62969424
82951,2.900484662
93512,1.809111551
75603,3.294469037
88599,2.627666781
69326,2.631635939
65879,2.5022651
39599,2.477552488
86059,2.342352909
51407,2.851532761
905,6.355466972
55934,3.245883806
76528,2.480232313
70104,2.841968729
13296,2.619782156
52739,2.985144081
45976,4.478017663
48949,3.282474238
22402,3.427571728
66388,2.822703339
88833,3.475882221
51340,1.930355678
58363,3.509989799
94763,2.407327751
95563,3.636984919
63543,1.825611178
40231,2.684267821
29144,2.918869111
92162,3.258503612
97213,2.884610722
42650,2.461933894
70629,4.721657097
26565,3.10243027
25662,2.428678037
47422,2.146685896
98311,2.972285259
17075,2.47167927
29950,1.947589556
72523,3.186538832
27533,4.91276257
53181,4.13483697
13031,4.777414708
22648,3.266177278
89389,2.784934113
7901,2.343191236
58109,6.637963088
101692,2.213115564
66371,3.054968919
37628,3.392283428
722,3.161453706
14759,4.782921351
88968,1.893531933
37844,7.070828952
28754,1.976613143
34182,2.255073731
14107,2.691862308
5109,1.836596637
45893,3.102097202
46933,2.660311461
548,4.229300063
22914,2.243409861
56105,3.2664425
84778,1.831684553
274,4.864949663
64963,3.779298363
42946,2.886279075
46502,3.809596524
98243,3.285476012
99372,3.934676404
5579,2.444232177
15087,2.526503597
29951,5.470250063
61959,2.898206605
20146,3.747432136
17456,3.532024168
14632,2.857556158
70913,3.061981056
24732,1.961448207
54047,2.661606766
31558,2.636031787
14706,3.772453832
22290,3.415383329
3418,2.708438067
91253,2.049030921
19049,4.348039836
34107,2.120208166
8766,3.025719079
50093,2.142144667
63138,4.571380574
11038,2.210225663
40648,3.943272765
82486,4.78361382
5648,2.855501065
16937,3.672447887
49464,2.952698015
25811,4.099674736
75422,2.342466848
77111,2.819285668
19748,2.224781588
60429,2.409890179
37909,2.12058245
17574,3.532112764
86604,2.56322901
92117,4.539126608
90760,3.074279342
47199,3.87685762
33154,2.953230375
72478,2.237393969
47732,2.657243158
20657,2.114376401
67338,2.699323775
60315,2.606603539
73822,3.380105471
89822,7.430844556
57000,3.156127073
98741,5.437496582
36461,2.838588852
29339,2.967328546
44830,6.142799771
100187,3.130440204
81433,2.250501223
55443,5.854888508
87936,3.173930589
99136,2.603579217
20500,3.717090389
29432,2.762265959
54113,4.004291277
32743,3.711204734
14429,2.7457181
22785,2.712465221
87826,3.191707024
38362,3.799186785
88884,4.701280069
28231,2.724907168
18827,3.19720883
59818,2.693223098
51881,6.716883957
96520,3.755241596
66374,2.612212606
5563,2.870947799
44679,3.525651667
19462,6.231328429
34638,2.238322043
26926,2.498873963
66601,2.207294101
21165,2.852741437
48887,3.426057779
46734,2.280411805
54730,2.887152739
95575,2.921843364
7082,3.661228582
42351,2.129765827
66612,2.815047621
11093,3.017741543
91318,3.637098147
15490,2.382492338
57380,2.598360106
41575,4.847376446
57423,3.217280959
91559,2.921306483
84286,2.171057252
74489,2.983545358
90143,3.458995819
38598,2.51042246
20825,2.916150963
55822,2.144450384
97083,2.673030512
91988,5.745608241
72234,4.167868251
59498,2.378709313
1494,2.745186462
19375,2.699845434
2497,3.430349449
26453,3.751700287
57274,2.712452229
100773,3.476419343
101242,3.890699608
24409,3.022955673
36917,3.831727319
12271,3.503693306
57890,6.782180338
56202,3.489361376
30474,1.901885235
88641,2.905627516
67235,4.015472901
27469,4.068870656
65415,3.221810496
1652,2.262272541
23501,2.531604646
88069,3.301220025
97803,2.752398255
99230,3.246135816
15789,2.244418783
52707,2.766706464
35601,2.728365208
47791,2.852895101
55963,2.055361814
20904,3.46409718
3317,2.631463259
87244,2.160530822
3578,2.336947847
7528,2.829075957
95355,1.913706661
78148,2.62343754
89659,2.573736991
35054,3.117029749
63950,3.487388253
5494,3.023567978
79521,2.894982532
57175,2.068182589
18288,3.054409278
34206,2.990564336
24577,1.417827947
73777,1.971899531
39036,3.617443376
6596,3.334186911
85119,2.786522151
23628,3.032318111
87103,3.157209962
74382,9.847460026
92599,3.75827834
23810,2.791427933
35391,3.455131698
21067,3.801786081
74392,2.275515189
63845,2.751485902
77031,3.317511586
1422,3.066315859
54054,2.417075464
41373,2.460631246
31947,4.470692849
35493,3.610263428
96652,2.477616971
51740,4.283436603
99209,3.948637911
35627,1.962427312
54610,2.894183705
78413,2.059108621
57168,4.479653042
35331,2.374102131
1051,2.877124171
86315,3.034571795
8252,2.839242822
46343,2.810868915
54749,4.931219205
64073,3.215400245
14362,2.933370379
4001,2.370881765
28712,3.515052789
62446,5.935080585
49558,4.780642756
66078,1.953717833
101758,3.363850391
97554,3.111415364
17660,4.444406487
8584,2.779615647
12049,3.302638154
50784,3.903184744
55447,2.007951004
14027,2.868512309
80641,3.15609775
66385,3.283940369
48149,2.612834893
52364,2.941475515
81129,5.661224133
88861,2.686446634
94567,2.842090007
64645,7.664082256
27937,2.962456335
10992,3.625773305
30855,3.9540045
8403,3.175061192
25679,3.573434315
32367,2.927976435
12180,2.833480655
97538,3.344019084
58289,3.23389856
64499,2.380765128
79492,3.769334483
78965,3.863324535
99080,2.534507819
58281,2.119217454
89852,3.157573656
5711,2.369310696
36659,2.667842744
33660,2.635954389
85098,3.252064157
11311,2.492751946
57979,2.892591931
416,4.165797654
46871,5.384971095
50823,2.14080936
101920,2.808988648
36195,3.452826232
25311,3.77297527
35166,2.118021811
100587,5.722722436
59176,2.76139571
55487,2.703722439
7871,3.321831537
32185,1.991694441
90884,2.899443397
89590,2.372854888
47837,2.419506654
2009,2.552265304
9744,3.641036899
76292,3.167935776
76009,4.169860638
92289,3.014220385
26998,2.396866842
82675,1.951374275
88019,2.573201487
67463,3.616011097
37333,2.623512085
36993,1.977746934
62392,4.780434474
95788,8.422461809
47532,3.348504909
33190,3.181710031
100005,3.077658886
40792,3.116900477
70802,3.62408246
86771,2.677373774
45882,2.672589049
24208,2.177876048
81662,2.998195215
34353,3.359416404
17746,7.748155212
95635,3.934598366
20792,4.122477656
80867,3.803924344
46634,2.903096352
2652,3.282598226
92955,2.852999085
78719,2.864621445
3559,2.293503808
30908,3.139910618
52757,2.755374162
79640,3.302525245
65352,4.068155272
57956,6.447564038
43587,4.586244764
43976,3.055040268
7210,2.363303073
90929,2.48458052
58699,2.970050271
2138,3.48260145
90507,3.876407487
74758,4.667369351
37374,2.388071739
76444,2.988000212
34317,3.499614677
62891,4.005916143
32280,3.008664744
32510,3.068707385
34558,3.291674979
89799,3.307581547
62374,6.140197733
95736,3.501252422
31124,3.132901384
94506,2.603306287
69134,2.489926618
29718,5.088280462
34036,4.878839292
95666,4.118168628
97690,1.964490766
8545,2.1971259
78714,2.918377097
31699,2.3156648
92949,3.52134424
63124,2.251294116
86131,4.355169881
12118,2.365257942
76960,3.26703832
27756,3.814160535
59964,4.220061409
75407,2.996374701
15379,2.484570885
72003,4.885275922
82498,3.293123074
65327,3.91950672
20378,3.080196281
49991,2.321485146
35312,3.030217378
87643,2.935795841
96297,3.181456724
8528,3.093817645
42001,3.426072152
53107,3.511144539
98738,2.716343893
47287,2.69407712
56210,2.713737469
20840,3.207970234
58994,3.16097651
28503,1.789053989
90355,2.501496809
23616,4.875967989
64944,5.80827701
93221,2.906099658
23667,3.721750476
82747,3.721019738
9345,2.650260381
57987,3.4354758
48489,3.178127292
51298,3.33981229
26449,2.952097802
25190,2.999655432
23168,2.980099652
18503,3.258445346
49414,2.038582623
34612,2.763988192
94122,3.249467819
70661,3.950460364
20542,5.229229706
34660,2.918285549
7640,2.800163247
65140,2.777332889
47592,2.575167045
49407,2.569654839
16073,3.376191217
56676,3.212784415
25224,2.60931138
68100,4.195896391
49634,3.540081997
61375,2.486765312
35006,3.038714328
73060,2.853488188
83846,3.160843463
56824,3.710610436
47598,2.187872999
19085,3.014985852
42724,2.194618162
95146,2.979060366
42761,3.282586396
76827,1.394623179
62932,2.726750248
9199,2.696715122
93630,3.713145177
85854,4.651533549
55224,3.080744052
45473,2.984528714
43053,2.725458306
7741,3.867032108
61947,4.49270408
6627,1.98503308
1481,3.460758844
15249,3.890399854
20543,3.936563964
52433,3.933574983
80614,4.629802055
50067,1.946668639
11165,2.706288749
85086,3.420494416
84402,2.107726231
8614,2.958251089
69361,4.118670337
80679,2.81088918
10877,2.361388066
68890,2.337759632
47681,2.673985415
60187,3.137680359
5531,2.056280823
18312,3.224975793
13644,2.129407588
21621,2.777020985
72874,3.370924549
66337,3.807926821
43405,3.322511866
82251,2.123944079
89415,3.280494609
100526,3.135479973
5552,3.427670346
2229,2.024070323
34328,2.328111324
69227,2.999636464
92063,3.502014171
25456,3.811982731
73139,2.863362788
4718,3.532805705
29048,2.138864922
82361,2.020077397
79422,3.133619681
75053,3.713862051
92483,2.739774755
89805,2.909499185
91880,2.847429198
5525,1.718035455
94792,4.010713006
86360,2.180247609
2220,3.204259743
92767,2.834986631
69763,2.396882723
29107,2.784632854
36318,2.595362398
25900,2.70528629
86278,2.518361459
30389,2.136874509
6905,3.508611247
66066,2.609611557
63276,5.983525123
22142,3.046924107
85678,4.764572989
23578,2.841188233
60174,3.271807512
52715,2.033932526
22783,2.928905835
23571,3.223350003
36352,2.505113635
51457,2.957772398
77374,2.882705619
55282,2.960815885
28348,4.341658838
38744,3.8413812
38297,2.894773534
30263,3.36559101
65978,2.342018181
45244,2.179832842
48722,3.301413619
32568,4.093605803
91606,3.073720727
91283,2.647429588
28745,4.11405304
35844,3.86564406
19922,1.937138076
73469,2.972751377
54445,3.360479171
82259,2.889599166
101278,3.33067974
93612,4.862083577
19510,3.758045235
79872,2.832817104
18435,2.961758396
101501,1.995343106
48616,2.872880069
71860,2.650780618
18347,3.870404975
26049,3.147191761
68311,3.985032807
57306,3.405236075
92868,2.438472576
22981,2.407985254
99733,2.8935627
95659,4.610301032
81646,2.588173401
29574,4.283078861
19518,2.635450086
96891,4.697298445
26815,3.10706587
29801,2.73320094
87820,2.237606178
39634,2.864517353
48803,2.80108528
3500,2.340335903
59855,3.340866676
56553,1.784495889
100162,3.606239932
56715,3.378757597
52253,5.85913082
12765,3.48818533
101962,3.90300409
57562,3.34269245
15999,1.874384247
54475,5.52108839
6669,2.374035911
62817,2.390710082
80517,2.430821144
95086,2.663500059
29320,3.064525482
97519,2.959813009
43766,2.733989061
19936,3.863142506
17522,2.726649274
66867,3.003966496
36876,2.887839207
2467,3.091010844
10076,2.547539109
31014,2.487043969
50443,3.961146892
98190,2.873833838
37665,4.2068263
21074,2.83390608
10424,2.790887925
77912,1.794473738
85793,2.906283943
16127,4.108446148
98011,3.594253051
44997,3.353944342
23101,4.346122742
88920,2.138927417
24096,3.250541221
88972,2.572628183
43105,4.40395908
61448,9.017284908
100692,3.17112273
49701,2.483843171
77790,2.38772397
74594,1.911754942
12298,3.666696932
79988,3.665460513
34616,4.90301256
36012,2.495417997
75433,5.823551296
90945,2.18297947
38601,3.232378355
95494,3.657233395
64381,2.613387665
24706,2.370649067
21801,3.244073428
5000,3.628639187
99416,3.491699602
60840,2.81046428
27608,3.133365942
99457,2.581321074
2725,4.032423195
46282,3.657803569
61836,3.817631945
28024,3.294293912
8038,2.095091731
51310,2.504199072
79827,2.66989778
69031,2.856321308
69840,2.879284502
38938,3.165619932
12302,2.196705302
50631,2.467811659
76169,4.555241445
57382,3.804837782
36153,2.730302551
78917,2.464024892
35737,3.642349644
60325,3.279853566
4353,5.188462646
42280,2.353338989
8081,2.794505496
17272,2.214357486
38355,3.468239778
52762,4.237876404
101062,5.189795392
37037,4.453754385
59131,3.320845246
7327,2.873308348
38404,3.248706421
44035,2.192079065
63399,2.349785767
64603,3.545197868
828,4.752032366
92346,2.99503396
81490,2.67691321
37156,2.586492188
28817,3.246228587
68807,2.749164084
63650,2.352324719
98551,3.286713721
18399,3.314666252
18499,3.629275044
19099,2.367693232
43138,6.323264047
46655,3.480212459
24921,3.279198612
77029,2.907657933
39257,3.103082689
45549,2.515824715
26239,3.508856138
40833,3.85274493
65505,2.936496842
14756,2.934725347
59126,2.933433769
78464,2.701951419
42389,3.311054087
14992,2.011110884
26650,1.987797346
13325,4.561309379
5064,4.239718352
59034,5.034820059
56693,3.366694496
30756,3.005334431
91571,3.258027168
9915,3.53890103
15026,3.366115025
44516,3.428899824
1418,2.268502181
23916,3.078825273
40469,3.514173435
25546,2.939750477
77348,2.267115456
68507,3.199795369
21919,3.723495962
88735,4.254861038
96047,2.810240326
92423,5.370577946
84610,3.299293026
53954,1.627444032
35632,2.488879244
32435,2.450427097
28104,1.850212255
95247,4.020048579
17258,2.103919746
74019,2.064229242
99620,5.039745672
65813,3.685170287
72091,2.875933215
59497,3.367145488
17363,1.98180786
45889,2.635424694
93749,2.880445904
19873,2.94492943
43218,2.764586846
6437,2.294692312
10580,2.111242883
94418,2.526079503
18426,3.011177351
18058,4.266555576
5431,1.899617438
79363,7.386418945
2386,3.157533226
80153,3.629784204
83685,3.002652791
51666,2.583568337
59702,2.216919058
38614,2.188719666
58787,3.658475382
26833,2.889484688
78577,3.765509637
74461,2.343418646
41539,2.923193034
65023,2.848228298
92347,5.100664457
57353,3.638861213
85702,2.96201924
43232,2.874804483
66582,2.910570178
82198,3.250528878
47677,3.488967531
22700,2.029513778
53825,6.767187299
6746,2.920925565
26498,3.56153131
19836,2.40358283
43495,3.628870975
97818,2.884416093
6658,3.622766796
70117,3.542549274
86524,3.668519466
60930,2.699917492
74932,3.913924568
35180,3.675471024
83006,3.49148275
8879,3.174135297
94274,3.377934359
40719,2.497072724
60071,3.796699079
57993,3.071665738
65265,2.954626107
55813,3.16462312
12146,2.386845833
45815,2.072233411
81399,2.996419401
42275,2.832451598
48081,2.614181395
48342,2.33872496
50,5.082424864
56589,2.428113324
91713,2.560915123
91345,2.998227594
26661,3.116148218
82627,2.915257408
45460,2.752634079
10583,2.716467444
73413,5.767837418
27833,2.353378325
87263,2.500965708
44590,3.460347525
100660,3.710196782
90240,2.471230777
73118,1.882281521
59881,3.036327535
7893,2.503547667
75622,2.859849607
85924,2.945897378
6146,8.874552501
50637,3.219126945
13723,3.543086188
89115,4.893161572
47705,1.660137835
76764,2.482380713
97736,3.381704615
11995,3.136775244
52584,2.597050395
80981,2.771236902
77401,2.934774934
20163,2.620741191
10325,2.515526559
13488,5.143234075
101058,2.691377681
5804,2.337212111
118,2.304620553
82326,2.549413251
35201,3.327232317
24773,3.558613735
44555,2.757402179
3806,3.199334705
27511,1.941432276
87105,2.43509019
26521,5.242314069
26638,3.854306682
80401,4.195850435
55398,5.306479913
5935,2.194083112
47933,2.359527771
62516,4.094293437
66384,5.167112052
5767,3.384844742
36559,5.538236004
51341,6.581711102
83936,5.249231141
39830,3.741896929
48997,2.950449633
79233,3.828356357
93596,2.535561425
94488,3.922869992
20842,2.332184204
13627,4.073942033
19477,2.653312504
52151,3.214229969
27784,3.55911567
49038,3.778138368
16716,2.969381037
38507,3.085072257
16460,4.31977346
99284,4.22802078
71106,3.957279006
18310,2.943059398
59832,4.123099804
78850,4.434791665
74516,3.629117545
87130,3.557035858
27699,1.857854132
36230,1.903010273
49735,3.223815171
88628,3.158613797
77562,3.672013964
68566,3.727892613
35398,2.832278699
43965,2.532050679
93243,2.905398486
8103,2.534670629
55118,3.222688828
33903,3.452183392
78661,3.417738156
8135,2.333970618
94524,4.032352528
21172,5.766051564
52950,2.993292247
96031,2.250893083
89728,7.202801228
64596,3.42083981
28792,3.364640089
37858,2.575037347
20744,2.62266914
29198,2.612956252
61658,7.690895219
35069,3.238751288
65227,2.365364144
78105,1.993057993
71950,3.33951595
18661,2.749567318
44825,2.003949107
96800,2.048026635
83239,3.815876642
20674,2.177783939
21956,2.495588805
40239,2.996908711
69480,2.531920718
1201,2.014924212
13434,2.400463204
73371,2.455106418
27297,2.331772932
13511,3.37300699
95475,3.258387821
51861,4.20638106
32698,5.234593564
92307,2.593250562
57127,3.098265082
18785,6.175768178
88549,2.644443897
84082,2.489955847
63938,3.752070734
22590,3.408820893
56722,3.509003279
85589,1.486637218
7363,2.1110116
80585,5.501471504
62791,4.037993926
10745,2.880076053
29507,3.629939077
9408,3.668789072
32903,2.202084179
22113,3.957988934
71399,3.722436063
23392,4.353007867
79480,2.634583979
25275,2.814339092
11401,3.202499693
81491,2.818764028
87047,2.713590395
77653,2.461765528
23659,2.675695713
74292,2.523820731
7494,3.02231957
6984,3.665943899
48824,2.188726849
6481,2.123981164
13046,3.594301222
16601,2.375008771
20284,2.229282934
97502,3.34039618
38354,2.735171158
81114,2.537450025
30326,1.926874419
14011,1.925853046
234,2.984796149
20094,3.249408355
87897,3.850559346
63211,3.802141717
89224,3.055829847
23251,2.658596628
38480,2.037901351
64008,4.014676954
28956,3.740148517
5456,3.6891795
36863,3.4973541
17053,2.9811506
80481,3.773326241
84765,3.238398593
45452,3.329930925
23633,2.836983082
89687,2.193884164
41068,2.929071685
26780,2.499603741
32269,2.581974817
73554,2.501803996
45391,3.253713525
91598,2.394542021
14030,5.769628073
85548,3.796094998
72063,2.516920233
19631,3.019548389
11015,2.99020249
34822,7.755437409
96215,2.677907354
2945,2.64862312
67313,3.401127579
48224,4.645100241
11716,2.762286722
35464,3.648215486
2667,2.523543756
48363,3.074802781
7286,3.210313006
91689,3.775875145
86607,3.268819657
82674,3.599473233
69334,2.540710043
97728,3.351911349
71008,3.011146584
49296,3.373386224
52902,3.065544569
86113,3.498161305
13923,3.677742563
3469,2.125498349
31506,3.539989444
36174,2.904075648
19180,4.000141488
86041,2.502692591
100195,2.272194137
74317,3.270588774
20416,4.09282594
2688,2.61558264
87867,6.25622344
97000,2.103515737
7211,1.803719778
26466,2.898369025
16499,2.996923015
3891,2.246036153
81021,3.790311133
22669,2.572623414
70960,2.542880009
46367,3.429333165
35253,3.709615181
95295,2.179220735
17812,4.066504667
67066,2.776565338
4276,2.30031907
44159,2.089529371
21962,2.847643491
20114,3.073527599
99707,3.680636099
72816,2.496852635
69438,2.747312156
12397,2.124821125
79489,3.437308644
68800,3.051463965
35089,2.991449062
31915,3.159705151
35704,2.916232762
52449,2.273152413
57156,3.794207138
26354,3.357469233
16368,3.091424007
52197,4.155310118
2459,2.602860697
33004,2.811595305
22270,2.770136674
38063,2.510687127
18795,2.912087557
34516,3.343789821
61982,3.355362437
25317,2.953010668
30151,3.179736628
62667,2.457773538
64640,3.110108318
7786,8.805211051
578,6.489539753
88414,3.009283964
57633,3.283699832
56753,1.725104184
77565,2.462803597
37122,3.371384682
37763,3.164517259
18254,2.395092526
26002,3.215429466
20204,2.130940581
58615,2.875102215
72244,3.56178252
96942,1.888837146
35859,3.630803166
96745,3.785622018
98382,2.339408435
100334,2.725092172
60001,3.774488731
82337,1.974428941
52304,2.670292322
59296,3.227390361
61761,2.39338779
72282,2.003407882
53675,2.815191211
5040,3.460146752
91103,5.007715864
6748,3.839380416
16733,2.272518462
101651,3.1215087
51466,4.104396672
14282,2.507263487
17360,3.342602716
26921,2.248823424
27422,2.238725721
86714,1.644170624
93089,2.5019366
30765,3.881522452
18668,2.308508939
41338,1.547563406
36491,3.629832773
72993,3.983281098
21377,4.097761811
29603,1.643440896
70843,3.446392542
12345,3.799472224
95386,2.85242213
77214,3.410871692
25447,2.566876375
50470,3.567050099
17026,3.58171047
72680,3.072210785
28368,6.027220282
20404,3.091376055
94247,4.015338254
62999,2.167617125
26181,3.005698138
49112,2.670345079
21557,2.069545717
29589,3.3183616
23538,2.754418341
19245,2.697120975
79206,3.920932818
81612,2.887249114
87385,4.473553152
85393,2.562317484
13838,2.670364205
17273,2.096422789
62243,3.634910728
91101,3.441615795
86723,3.14463646
54671,1.66206894
75563,2.971648579
96679,2.526606858
9483,5.598170966
22694,2.79405249
69513,3.39392033
68618,2.92741153
65128,4.03349781
64313,3.085605232
99809,2.987068078
16537,3.164687903
15748,3.046724428
70576,3.051330626
1953,3.123136753
73239,2.989410195
72631,2.464128757
87381,3.196991081
96344,3.703143057
92204,3.30070939
43113,2.363957951
68551,5.160392253
78031,4.148095632
8064,2.142931404
612,2.166992567
100256,3.252053613
93833,2.810953771
26209,2.649341258
82887,4.204724168
48415,2.452457278
10707,3.207107642
97775,2.950147236
90981,2.875694507
47707,4.735177756
82374,3.321089038
26232,2.666940164
82661,3.735983126
41331,3.99794565
54703,3.864478919
5806,3.814325344
87199,2.257242472
13527,2.98107539
92126,2.268880588
84511,3.788655387
36549,3.128571382
51994,3.69484173
101846,3.019463892
100405,2.637896137
46012,2.094659789
88849,2.733932345
45714,2.897639002
34382,2.868578344
57915,2.654717112
58127,2.886665128
228,3.778511829
29891,2.524176472
52347,2.483433766
16546,2.918902545
18112,3.466580801
85493,4.203674744
76790,1.837712254
47316,7.673031933
8324,2.838733432
16884,4.201686684
73503,3.512058282
40082,3.646230932
9343,2.783229513
1978,3.282798992
74963,1.833035798
17714,2.950641932
9758,3.400415244
29767,2.606450005
38363,2.123840627
30799,2.973124107
83721,3.133552723
100217,3.576462966
90796,5.411064389
101540,2.684644423
56363,2.590917722
49761,3.972374685
24672,3.643645379
34143,1.730728442
60828,3.184185999
51460,2.802961085
77322,3.994274003
90044,2.92107472
12515,4.23491915
56832,2.694816095
16112,2.802542094
81439,4.135953215
77380,2.987370431
24633,2.935793398
57424,2.795833015
100206,1.773499934
56331,3.596631478
59829,2.835310746
60216,2.937825927
72451,7.403780229
28467,1.996863013
26882,2.259201467
49413,2.705227069
53361,2.888660942
25913,1.988856314
493,2.081898263
83779,3.088221583
37385,2.195090299
26061,7.810259345
820,3.025835913
86233,1.752042555
72271,2.815385853
39375,2.865689477
92057,3.561200919
26292,2.534842948
42539,1.80881865
74198,3.450736222
13419,2.36402955
13442,2.191037196
15166,2.920140203
30498,2.975589482
45193,1.854010674
87212,8.143025985
75509,2.896966185
14943,2.81595289
93960,2.749214582
90330,3.484733785
42103,2.155785091
101927,3.270729964
42257,3.029510982
80552,2.506341332
42111,3.762124719
63729,2.911840353
16970,2.765425547
31936,2.876916988
15681,2.555078397
454,2.056273159
16288,2.83327508
98842,2.72751393
83230,3.732570926
45818,2.122364695
10507,2.204869265
12325,2.095944134
10500,3.069454775
45638,2.476463503
50090,3.008127238
5830,3.35456566
2262,2.974585109
57170,2.720285664
6031,3.364677698
41684,2.153722136
89620,3.581779301
42683,5.145642491
206,3.331466665
72204,4.161899081
17372,2.291938901
6666,3.636554048
55178,4.947170647
28933,3.411050802
47204,8.625389766
35264,2.290678934
81973,2.222602004
79643,3.048398856
78328,4.661110669
62206,3.101443176
44735,3.729685312
27856,2.34838978
36679,2.750402402
52555,3.366040965
68734,3.736011966
2277,2.411619118
43782,2.751292212
66476,2.294982923
50123,2.783127249
16428,3.884579597
82779,2.534044794
79373,4.014093719
88963,3.349138044
71929,3.32225061
8548,1.874096007
45669,2.336066318
79910,1.573763302
42934,2.074999784
59606,3.21529395
64671,2.410992088
10526,2.672378765
29418,8.097858113
40788,2.468796954
72811,2.132542681
48388,5.119954568
100819,2.525790165
54117,3.332015921
90210,2.040796024
7474,2.774495182
7913,2.8165841
4914,2.992717684
45622,2.800082657
40667,3.60005998
56134,3.075346503
90162,2.413607129
95471,2.526049162
36487,2.913575659
49652,3.582968607
52371,2.471454453
38068,2.523469273
8390,2.138867957
53448,2.517467442
64122,4.246212298
60725,3.03446906
37736,3.497173395
6233,3.977162535
56613,4.056934613
86693,2.207270454
83037,3.29354159
37242,2.798224297
74849,3.452248862
14601,2.788553163
57994,3.316502522
88293,2.584439186
92013,3.185205228
7149,2.381240215
9844,4.266993742
11850,3.850743243
5305,2.273153303
63196,3.911603195
30697,2.746013209
74537,2.668315811
52952,2.334878157
67299,3.579273971
33661,2.729486648
73830,3.159943174
86667,2.943931602
32953,2.597891083
20085,2.939691793
88064,3.212677906
77778,3.860636749
27341,2.4052479
57302,5.880846582
32087,2.790438663
91943,6.458646172
37391,3.302178802
52756,2.742206666
98936,3.248385194
39276,3.305970409
48753,3.877579986
45962,3.002946855
35017,3.355848247
58485,1.956965727
8663,2.268046204
21217,3.145486798
57126,3.614707527
54494,2.854677192
29505,2.079190214
84746,2.766294804
8486,2.12424772
16121,3.461663115
233,2.99705717
55602,2.403182448
2675,2.815116657
33905,2.160062289
72540,2.478990751
77677,3.204976855
74067,2.994649624
100682,2.229977656
100131,3.535501123
43789,2.322489471
22025,2.649587069
61839,2.941027506
94706,2.994553836
38807,2.912783244
61053,3.588610723
970,1.998726012
30834,2.137130428
19226,3.147715864
77794,1.414635306
8919,7.348613905
70531,3.620820504
77453,2.5047869
73969,3.001600777
89187,2.863004656
87973,2.831533985
96300,2.992384114
77527,3.324776051
78058,3.965811286
60450,1.67165184
21369,7.733867315
14746,2.883609715
79046,4.08168574
33419,3.246465924
79962,3.208894441
86894,3.898217517
42549,3.54553458
82160,3.432393325
24186,3.877554352
61536,2.518128027
29001,4.074034914
83207,3.68419139
99166,2.873804337
77351,2.287539072
32436,3.267803004
76506,3.173641544
27899,3.419807185
27116,3.103534453
17208,3.997735092
69146,2.236755549
89484,3.306142037
71628,3.005447657
79857,3.577747387
13500,2.583290368
37523,2.359233021
56968,2.336144684
2651,3.160288721
19043,2.273745244
14103,2.921827957
99551,3.862247054
75395,2.587643474
79782,2.115751731
75930,2.762266196
90611,2.411266237
2225,1.601804687
50140,3.909396151
49146,2.590285266
39256,2.55794876
48807,3.407771531
70855,3.185724214
93735,2.91000814
77647,2.357272653
66064,4.76476761
45317,2.684196214
69835,2.580101735
61700,2.842597044
5162,2.934448535
29578,4.815240222
96601,3.64553797
49159,2.768531996
59046,3.075694146
25041,4.047927387
67276,3.417902702
72509,3.570744289
2331,2.777104338
79329,2.128085798
86896,2.915135322
96580,3.33583021
52728,2.939226315
83281,2.351615141
62600,2.770051509
100498,2.243045885
80727,2.391817963
74426,2.644631854
98645,2.359644959
58242,2.752654236
50211,2.852419554
71020,3.258142326
55992,2.452395253
89777,4.897329364
77471,2.164087888
15248,2.440348345
54827,3.641948785
34472,2.94680482
48966,2.396028865
75264,2.907924901
74712,6.474984976
48991,3.945956178
41333,3.142884375
19739,3.032115281
25827,4.92711206
88259,2.676046941
17304,2.078563231
67254,2.572920626
97106,2.614357758
67368,2.382376583
25855,3.959848541
29025,2.651398689
70404,3.87158768
26179,2.581757118
90794,3.490120531
27618,3.502555361
33686,2.604406352
86528,3.800896183
71617,2.265880249
77866,2.666132017
2852,2.335680938
52880,1.778319925
20446,2.469490461
9022,2.417909665
3402,2.464427162
79621,4.26066526
23456,3.537657276
52332,2.91559956
41569,3.064396909
39176,3.61542303
24183,3.341274837
22316,2.444464978
91761,2.387286625
15831,2.559799266
96312,2.093877583
26286,3.389387349
90959,2.834939114
55003,2.836311565
92836,1.819793138
78174,5.742914815
78889,1.682757791
2870,3.375287156
66707,2.578784852
69035,3.083750186
86102,2.422989291
46760,2.095366099
57762,2.032319513
3446,2.849694045
71834,2.216552675
63424,2.795826384
18022,2.976023914
4841,3.115074254
86658,3.927435815
62923,2.002965394
11927,2.500365142
23399,3.59648648
44046,3.884845856
11295,2.705692964
34488,2.431178733
101384,3.26437213
69231,1.926996842
75938,2.937499844
86460,3.415663934
33843,4.051558227
14414,2.233768524
13160,3.589956336
47860,3.121737673
98837,2.609360968
58387,4.981203435
89806,3.25344005
8823,2.697563286
54285,2.470186373
27400,3.521896384
4408,3.333083191
79604,4.018927629
7620,3.685421622
6574,2.379418364
88385,2.672702364
9380,2.645651116
74984,4.129692549
71645,2.801203199
54428,2.408520682
9330,2.63887598
2518,1.597675635
27402,2.450444783
90471,2.428706001
12745,2.595670441
31379,2.690903297
89723,2.259365419
7699,6.391686422
56669,6.756460661
61846,2.568961355
94190,1.99141966
97659,3.779532759
7817,3.941479399
64510,3.137105293
69087,2.763267768
35975,2.076954106
26891,4.530726908
26250,2.898141949
2297,2.46654543
29122,6.99763805
29268,3.1794499
26805,2.476541295
47019,2.495751126
12916,3.426747197
44550,3.720431914
46738,3.724475078
16399,3.189005622
58150,2.750440453
22069,2.683949281
56380,2.506518806
89571,1.72812588
13361,3.778620206
44491,2.850981296
54726,2.818499301
46331,4.048813341
52194,2.945690177
26887,3.305399121
1708,3.137839569
42430,3.990716808
52324,2.455983827
5373,2.979160066
93412,2.744795318
100008,2.742856234
82168,2.253098403
7530,3.096977435
30074,3.52760258
89549,3.203733515
47209,2.576634723
66390,3.399614134
92838,3.083249269
27025,8.715660654
87073,5.021058325
16183,3.96752362
28049,2.600395148
57900,4.022283168
74293,3.976030411
71644,2.801987859
15241,3.155371695
74113,1.966629642
19914,2.09438295
81758,1.866933208
35655,2.555474414
30647,4.034978413
101374,2.474701723
77947,2.791619995
52601,3.013799451
2897,2.371818232
100959,2.728942652
43591,2.834328073
59707,2.709602129
22642,2.997376003
100273,1.894108872
31723,3.289713645
43169,2.853571203
58635,4.590997154
93244,2.540126202
72420,4.301481727
83062,3.587165582
88399,2.547235921
35267,2.750344641
79953,3.589112959
12208,3.20430366
54500,3.25040047
41540,4.03317732
16267,2.244271242
14832,2.757652249
20425,2.360487036
100537,3.219200353
34229,4.457844386
44939,2.441695809
46270,2.99446032
38759,3.212013322
53234,4.728286349
92712,2.521423265
67373,2.984729997
61570,2.871955975
86634,2.390241988
99086,3.88624865
64599,3.240147606
52074,3.478723372
74927,2.853414809
71923,2.314105866
1009,2.461904436
50669,3.191963186
62894,4.095731954
42799,3.075876616
96253,2.777841841
58827,3.208501433
8987,2.677544298
69320,3.574497118
2589,2.662427197
86826,2.61604918
1065,3.777298036
24156,2.766549356
1584,4.208334545
90886,3.528967188
88672,3.324282142
29855,2.117431257
56975,2.747733795
81723,2.290722488
89889,2.343746728
67938,4.088522989
21422,2.931888866
87644,3.36510339
92584,5.375925202
42526,3.255125444
61644,2.754201954
69806,2.640275361
76041,3.44650101
62477,5.621663791
56565,3.882861015
41981,3.550307673
46711,3.070957492
71975,3.173682982
22629,4.825009276
38172,2.990954381
72502,2.399172636
48680,4.403953362
55829,3.545706192
46685,3.004543237
8995,3.039187691
93874,1.844582699
98974,2.994645584
98537,2.888463442
96420,3.288435424
52399,2.115019476
58118,2.696223306
9295,3.481012013
53993,2.769551742
95869,2.718420686
83429,2.566052203
79453,3.418426175
12043,2.539765552
99560,5.910995377
29039,2.750523335
43886,3.290313169
76129,3.593821634
35310,3.463072951
97733,3.806702004
15362,2.835467109
76134,3.343014411
97295,3.321002862
25951,2.530967471
91396,6.828869293
57960,2.512629795
8079,3.716824912
42326,3.60466549
80110,2.388135686
80508,2.667022223
97361,3.857222878
14877,3.193898504
68165,1.89241654
62725,2.39936143
76140,3.531884093
9799,3.068419242
22492,2.48039482
89018,2.778432418
48792,3.065966611
60855,2.450800517
16306,3.423237306
58712,2.896831878
18041,5.625293953
25591,4.268340154
14213,2.966749521
18351,3.395386272
26064,1.78443345
31286,4.037086054
66171,2.151156322
91276,2.76576369
10151,4.027716358
27572,3.662160586
100700,3.118057647
15744,3.176548704
48227,3.112030359
92255,2.130832504
5351,3.341849992
95521,2.79189485
5958,2.802947194
86637,2.775109651
52217,4.807641779
91332,2.256408206
44333,2.758204473
39950,3.808331001
6548,2.084867302
92111,7.119893963
58081,3.424782657
49956,2.516279862
63995,3.251086902
12906,2.233629712
87667,2.600076959
53241,2.99064646
83014,2.808077159
18528,3.31541451
23136,6.444098071
98251,3.293700036
7895,2.903316413
81579,4.393138644
54401,2.50924311
39357,3.942587855
38438,3.096330493
3802,3.395027513
37956,2.714208521
100224,3.550917278
20052,3.267960235
54009,5.973078233
59542,1.699578821
92879,2.860917693
39017,2.902120034
35878,1.335887322
59298,6.685810986
82861,3.135156528
47676,3.582188129
39090,3.932415843
55150,2.73808003
6337,3.382894306
10297,2.772511455
28822,3.213467103
15359,2.5250758
2347,4.288584355
94691,3.520452358
95173,4.247719977
46926,3.517377841
19950,2.746950693
19459,4.199302879
77329,4.383284008
35055,6.27555203
87872,2.997368834
31938,2.559789902
380,2.811774227
60560,5.395630543
31300,1.969191182
75605,3.179406299
100185,2.180342245
16804,2.591918984
9200,2.958692821
4923,3.635713486
35262,2.622932952
94399,4.355111836
25557,2.031801742
81208,3.487486382
16908,3.185783399
74900,2.690331323
26331,3.103340692
90991,2.508143463
83891,2.437149368
46717,3.486082852
98532,3.688617544
12845,3.954902936
42450,2.859304047
47365,3.230267587
80901,1.838325214
265,3.131095139
39787,2.752693225
10395,2.764888552
90721,2.363775536
32623,3.220971141
48132,3.050505564
48750,2.931654226
53327,2.957208605
15978,3.471118402
49195,3.183464472
56746,1.953412789
90517,2.241872464
91150,3.265039313
58504,2.840786924
10243,2.175949418
18182,1.78763062
51948,3.611185806
96039,2.300984474
84152,3.099872136
43842,3.242849913
16256,7.002106579
46051,3.059096531
64549,2.626296314
15198,3.347873867
80659,1.656411031
88594,2.218330673
34693,3.194052977
17742,2.497380725
37657,3.157698695
69046,3.08588361
16421,4.142378507
91550,3.362700147
41040,2.452375024
6513,3.744502584
5268,3.714138003
70486,3.500907495
50004,2.857048122
59410,2.699421518
55123,2.695554956
68662,3.743994601
70444,2.416691787
38442,2.861457089
30094,1.988805702
71058,3.096000503
2441,4.489978761
22973,2.905432498
38334,4.12156628
42956,2.004183117
62179,3.739667397
62419,2.679758392
10696,2.777396525
71915,3.903708822
40649,2.24935214
86791,4.273673142
2091,2.795060267
35242,3.250492589
45276,2.728141608
79218,2.956371295
66452,2.148918189
92894,2.046050583
96591,3.112165972
52109,2.779602347
57854,2.920840936
45158,2.246322719
91706,2.091166347
100167,1.949075327
82944,2.900456508
46299,4.036240559
32338,2.399386014
60977,2.852448067
38809,2.685145539
60666,2.432762662
82948,3.27793324
28214,2.607081514
51733,2.836533532
73704,2.773990146
95233,2.973291034
99855,4.427028367
11550,5.123001147
14131,2.266973812
5495,2.644637528
34475,3.612290476
7992,3.21858265
78976,2.531754119
38121,3.998349008
23637,1.548840828
16441,4.298116291
20107,3.00794471
62149,1.721028762
100403,4.005217948
80505,2.929760507
75629,2.78033106
45793,3.183287985
85476,3.759293208
88687,3.025351191
4544,3.214397348
101729,4.02179159
33194,2.892530961
56014,2.577870296
101189,3.852204342
68599,2.226372917
34651,1.989535659
46573,2.103921726
55385,3.508784284
11283,3.516717835
88724,2.094201295
72670,4.404079775
11374,2.615332
25499,2.313827061
45974,4.087099858
28450,4.477148372
2278,3.740832243
86788,3.36833567
70910,2.533720248
4547,2.146672929
24753,3.301095678
90976,2.936683854
61953,2.76992404
86800,2.781593872
98875,4.8603675
55671,2.655418932
354,2.78971624
87660,2.620621617
21042,2.29274785
57066,2.458425283
5491,3.351745943
56950,2.063953628
7584,2.695229324
39976,2.896297558
82578,2.619642702
8467,2.424731702
84036,2.34122597
62293,3.645926534
74173,2.225299042
66184,3.078218168
15607,3.227470079
430,2.929655607
40202,2.376869677
65591,1.766270788
18703,2.917417566
36697,4.957708466
45354,2.398841243
99651,2.36141375
49698,5.431517746
83077,2.564041189
5518,3.108306555
82199,3.141358414
80399,3.100272439
11100,2.934498128
57942,2.20470805
93995,2.121324957
49116,4.082268845
11576,6.474595556
33842,2.844796395
30110,2.629570881
63353,3.681987273
90766,3.51426807
26538,4.066294676
49862,3.11918091
93320,2.858367636
23985,2.709871299
5449,2.392460151
62475,3.728189915
61455,3.188111923
55381,3.10120457
4612,2.018654762
44204,2.793121697
84241,2.997731123
69673,2.79164762
48953,2.461826345
72615,3.366092397
53395,2.582146345
35769,3.014184105
31710,2.561823784
16400,8.473475971
13305,2.290894444
90677,2.195374059
91075,2.45422397
11886,2.503461143
61306,3.331418805
96776,3.221881522
6854,4.444329492
97859,3.168157176
49039,2.936872577
75695,3.162588974
87322,2.722679084
7190,2.701544895
61804,2.359825996
11212,2.462274574
47256,5.69628561
65989,2.76198847
28339,2.637790708
84788,3.630656923
9131,2.529179773
61316,2.858126988
36490,4.623022822
56617,2.488341693
82701,3.501060835
59284,3.17376032
83284,2.774993735
27346,3.093703014
34899,2.54736759
97136,6.459916278
65025,2.360004151
47862,2.757382371
88253,3.727829081
42096,2.111836106
5006,3.290465126
29381,1.776814486
50961,2.292815426
13709,2.97228238
83151,1.876571682
59880,5.368045287
80179,3.122811649
91412,3.457403401
92897,2.739505753
60407,2.918812467
7999,4.831569735
72660,3.331673983
77371,3.290672601
28873,2.544103932
18805,3.492387599
61737,3.051529655
42012,3.28979391
70820,4.248404439
29963,3.326005083
28006,3.451534414
87970,2.411136802
19483,3.746493538
99681,3.635818194
58154,2.769347689
46611,3.379571638
20908,2.777582284
64685,2.835909654
94393,2.586446268
89379,3.217032248
48366,3.130435913
24221,2.05243226
4925,6.105793764
45722,3.236005695
92128,3.084500524
22680,5.460261303
49650,2.704223047
32271,3.367788872
7167,1.963017591
19279,2.012369293
28944,2.955310904
98600,3.626087071
15314,2.742183476
20762,2.788968349
22056,2.80104222
100044,3.217884433
59822,2.098572028
16828,2.834723822
60966,3.640636606
75082,2.231221903
58476,5.818822689
25039,3.472206085
22055,3.432360381
71340,5.323376944
29038,2.780518844
64363,2.234352366
89564,2.69121186
81407,3.148052328
89491,2.247836534
19741,3.068571956
14672,2.283618738
70584,2.205819868
42201,2.304502412
10579,2.631366181
19554,2.637589062
68966,3.868584719
34007,2.777037242
55164,3.165224175
91734,3.345123552
86117,3.39284919
12585,2.409108246
71210,3.073839986
34406,2.576789118
38893,2.742926238
26707,2.831374118
42605,3.183895894
5781,3.159767131
42468,3.171925165
54818,2.667561596
52998,3.055973884
83059,3.39432169
68170,3.463045326
82550,3.735529791
9423,3.171365871
84161,2.392470027
80352,3.886484732
90693,3.274288026
12075,3.94443356
3193,2.005568825
60474,3.33127589
90277,2.930775326
96224,2.530364572
26463,1.657496546
3126,3.40517133
54629,2.31866968
59538,2.657053408
60753,3.392928225
90542,3.239633487
19058,2.411918755
37456,5.3148203
63232,2.388343088
75929,1.857070113
9054,2.368797559
56185,2.985705403
13541,2.32592471
66729,2.9456888
98850,3.085229104
25719,2.345578987
27462,2.750139354
41357,2.916046802
92627,2.518980965
49649,3.398125224
71162,2.415584062
29217,1.967078694
75070,6.37699577
86311,2.533334285
70236,3.575802496
46164,2.076563483
71973,4.287605032
43435,2.628116028
99304,3.671384618
28276,2.134001771
64371,5.629061585
100845,3.309588948
97438,2.329742909
26009,3.27924153
80765,2.813785616
55144,3.377178866
71687,4.954498552
84340,4.244815472
61120,2.732220511
81736,2.497433412
77543,4.403390461
74145,4.228506066
92495,2.60086978
44945,3.981892081
19539,2.739132212
59455,2.8089014
25922,2.434335865
52103,4.246152038
26697,3.141869194
27589,2.658465445
5745,2.805118481
86186,3.014772728
24636,2.635712513
83015,3.190618199
24269,3.494120215
86994,5.307710211
68367,2.709757296
47988,3.156829451
30063,3.771911669
65904,3.336864485
73585,3.287247222
96740,3.181458813
18554,4.226539482
44377,3.369213772
89387,4.990961004
55552,2.271573628
11631,2.888877247
56723,3.230007219
17213,3.836176894
66791,2.699920527
86903,2.515917825
6872,3.119701152
55488,2.8514588
67623,3.411279786
457,2.769499702
59010,2.167555752
46836,2.851932131
37964,3.324859189
44096,2.49846783
26613,3.26975091
30044,3.892403073
16422,2.821315891
52020,2.925271283
6109,2.69881579
53322,2.733954516
60644,2.866154828
98066,3.220284082
2481,4.574407647
82294,3.354051789
91464,2.121771606
26055,3.660018043
25933,2.665316202
84804,2.119867007
98233,1.805620437
63366,3.988171844
69550,2.678929089
60623,2.372700963
46768,2.930729752
89518,4.107004256
97311,3.788292283
5555,3.477960109
91486,2.749530057
25998,2.289867843
53258,1.959868958
16654,3.641812045
14244,2.871065597
34700,3.541794412
86015,2.830619546
1169,1.830084324
30226,2.110365895
82280,3.646126778
12807,2.232231125
72928,3.096647919
20851,2.945517647
64125,3.267874349
6284,1.669470601
35952,4.07372738
101575,4.307169948
101633,2.951521379
1923,2.864718338
73425,4.22902297
71800,4.134102981
28479,3.856883142
84145,2.907734907
59095,3.228936097
4571,2.485463955
22126,3.300388843
58996,3.087007466
25530,3.232170031
76064,4.375622137
90724,3.174862884
88240,4.082362341
49484,3.164707036
70243,3.293033859
2506,2.801072281
83205,3.888531199
42451,3.446016082
88368,3.357644864
23256,3.358283416
65943,2.77276687
70462,2.637028825
847,3.671655314
70955,1.631316707
27447,3.119330785
64591,2.2928698
81585,2.903832303
14303,4.421600372
27925,3.6694858
81178,2.22267396
75815,1.556239357
32364,4.454226411
60301,3.872910509
26748,3.297103154
99169,3.584189036
35475,7.622757976
75683,2.986641484
95423,3.280333273
35738,4.21956248
54488,2.600752369
20185,2.723637024
40647,2.692544835
98459,3.365663801
85285,3.240715004
38043,3.516481956
35812,2.98031271
101386,3.162635578
86970,3.216997665
86191,2.47414674
31884,3.948692036
100568,2.817707077
95698,3.497342145
29725,4.199131502
64901,2.872499753
92251,2.723996024
93718,3.340958062
78200,5.791045402
45741,2.849893367
98438,3.031283081
65680,2.372033951
49078,2.38997932
1891,3.436999686
72302,2.608641928
81461,1.879187463
3098,1.897501719
76749,2.453917388
71424,4.079256718
50468,2.290160855
12587,3.527982245
44241,2.651078067
95192,2.160153799
32599,5.507759215
75109,2.66711499
41533,5.63060829
71641,3.502262132
20150,2.957596209
42955,2.952301503
93641,1.549628998
31988,2.959604
36349,3.781088354
38920,2.693562223
88418,2.722026235
67900,4.74469381
62783,2.518429549
61503,2.080077181
6611,2.152208322
75217,2.277836694
41440,1.972387735
14532,3.450369804
3435,7.74537764
49962,5.040734791
30171,2.793317858
95392,2.831857379
50213,2.800853083
31335,3.481074562
47941,3.256095786
54495,2.891936161
95842,3.033837082
53262,3.021480896
11072,2.65668869
25769,2.568336671
32993,3.585453398
49917,2.229745267
81316,5.060100505
97729,3.793785482
99634,3.152142316
61865,3.055504385
6407,3.072456042
65012,4.009575498
80873,2.369731507
43372,3.025218952
85667,2.965553801
36282,2.993711412
46660,3.257918622
44055,1.657930891
23447,3.262597552
70230,4.350490735
101088,2.910428437
55678,3.557144502
53932,3.298718216
16741,2.543744041
31701,1.575979634
44440,3.087921081
54501,1.875350182
94207,2.65577631
6635,3.354395003
59853,5.311481665
70490,3.177148782
64148,3.010337231
60733,3.735625227
2445,2.306497055
90461,2.590307877
51235,5.849715883
53524,1.878177966
25585,2.795876539
20341,2.700241617
31054,2.794647149
96827,9.152688976
26770,3.119650217
53649,3.210743913
36184,3.423574971
78607,2.970209538
67357,4.024737996
91025,1.87002254
2058,2.89084925
55275,2.952631287
47512,3.782389286
84214,3.653779576
92941,3.070509323
52680,7.391323786
27755,2.809630902
101048,7.213100459
55675,3.331168784
49225,2.582843027
16055,2.239013021
46188,2.586125247
2296,3.249933458
11342,2.863345091
35112,1.863524599
70320,3.049966724
54587,3.869904988
9532,3.058298023
3538,2.771452733
18979,3.795997889
7549,2.4407917
90775,2.141867824
24046,3.194190743
43417,2.539105277
48873,3.858828324
2318,8.812861488
21752,2.790381705
19304,2.895960366
35915,2.51554404
24934,2.158500985
53935,2.814085475
37124,3.209618981
94642,3.663407083
20357,6.614699387
85655,2.623606751
45365,3.180266017
31972,4.718273408
67925,3.650353436
79338,3.270699961
37581,2.680547486
53511,3.171629272
48711,3.866792314
28198,3.424243565
47787,2.618058695
21367,3.091968212
101642,2.826296413
30680,2.066462789
84890,3.284790959
5542,3.636624512
10064,4.105712828
92171,2.827954319
4379,2.846682957
101157,2.640708548
7563,3.142451216
73340,2.915090415
40001,3.038884612
34735,3.116248575
67699,1.910356595
62835,2.985991087
82793,2.182563563
57331,3.30560567
81944,3.400261938
50176,2.6333918
53416,3.551833196
85031,4.279423398
95109,2.460838945
14823,3.02277947
84880,2.541174463
7037,4.974026649
19940,3.182909533
99021,7.192725628
15953,3.686412556
28389,4.684642395
93986,2.474456224
54160,5.372548973
14937,3.134892934
90195,2.966727156
9290,2.582113432
40367,3.147122078
715,3.019607405
2247,6.43105394
43891,2.173808475
55018,2.576826303
12449,3.134610268
16749,2.598255667
79209,2.305768725
29556,3.757868073
61102,2.112071716
48710,2.23962061
13491,3.169981731
1910,3.82121888
69247,2.316841
2775,1.964969006
54689,3.903754015
86912,2.2983903
15041,2.466344043
99158,3.271752417
95784,2.35006038
16097,3.228663407
62039,4.539361
48004,3.479937997
94313,4.523085061
37257,4.450643028
32678,2.838691753
66436,2.315320412
69910,2.809176124
439,3.124574062
94401,3.242214889
69902,1.817572159
94170,2.791769037
41445,1.694203278
49257,2.320519921
59244,3.000867903
33657,4.60547111
42252,3.060061179
47967,2.23536494
87600,2.864296069
85709,6.435556211
27874,2.732221569
17143,2.22251552
23684,4.076187527
69991,4.141469451
50365,2.986791092
52147,2.835264781
50761,2.563927159
15348,2.951182776
68727,3.817188374
24682,3.539139569
16981,3.028835432
47541,2.804446468
4055,2.346765213
75757,3.992657951
34009,3.113171245
49673,4.930123947
90757,1.569440638
17532,3.327396404
46582,2.786123373
6317,2.104974103
67188,7.304059626
76011,3.311127289
18732,2.119985187
3739,3.012540005
307,3.159679351
41873,3.160076015
62304,3.48567101
50181,2.887850952
82616,3.29929151
31571,3.66800659
33498,2.029715646
16539,2.560088093
84521,2.100676507
4398,3.532622961
15441,3.254284902
22937,4.317068716
96026,3.258165312
20345,3.117823852
70100,3.093209295
19727,1.838146206
98430,3.695140526
37671,2.37952995
20050,2.186450146
18806,2.970585765
86707,3.312671709
951,3.790850298
64909,5.802631109
40036,3.722119749
70533,2.614337035
68008,4.468190447
20428,3.912353358
63273,3.068972029
14471,2.424345551
3477,4.399775277
76885,3.380200079
39600,2.025234151
14807,3.143316321
97820,3.68795074
35022,1.88350734
74988,3.377525878
63311,2.749455915
68914,2.254569519
95924,3.993040413
67267,3.127658592
99955,2.386215857
74503,4.937545798
78260,3.794002848
33549,2.583319363
18798,2.452751856
12675,2.435076949
16679,3.406897371
29230,3.132675676
85112,3.405455022
39435,2.93735457
93454,2.676293183
1291,3.376099529
20888,2.168689857
746,2.345599511
26767,3.421566103
47757,3.7736382
58489,7.247056247
84707,2.670170055
72458,4.353991032
2047,3.747260949
18117,1.94323118
92264,3.037658411
3061,2.434325494
83406,6.30250295
74485,3.023501701
87015,3.824869319
80058,3.039626457
30305,3.127597779
82039,3.427892555
20503,5.264639951
51659,3.076594388
82710,3.3497571
7267,3.140916228
51835,2.864662722
98436,4.144251492
95424,2.664331815
69774,2.59391436
29896,4.476694101
31411,1.73372673
60099,3.763290797
38405,2.166614128
19490,2.927510932
84567,2.632398582
12608,6.322503626
84684,2.539388947
45190,3.388366404
67227,3.487898732
28509,1.53112087
44597,2.796693633
45499,3.896309623
80096,3.66901857
35692,3.373058568
56298,2.946200884
2271,2.507548364
12942,3.142517386
79340,2.784598001
49500,2.865648015
91909,2.40497603
12036,3.717308654
24271,3.781697316
58605,3.370264205
59783,2.583879184
50766,2.238351415
79701,3.788218253
47595,3.409437505
5923,3.001598952
72901,2.894538997
94748,2.799518732
36731,2.611317195
48578,2.275809008
55937,2.181660714
50594,3.896984057
75551,3.113180756
73155,3.262760179
7561,3.361008934
83632,4.786830645
77328,2.917483721
50409,3.904026686
44520,3.058353687
22584,2.658806545
42672,3.968978525
94659,2.554469526
48668,3.610935161
57539,3.241585386
99079,3.010630599
28600,3.199963084
55201,3.050294734
16158,3.005073388
27299,2.381562636
18025,2.671475803
28118,4.153151295
63552,3.718872634
87783,2.839730925
19272,2.195257973
88943,3.520671574
87388,2.874320607
92815,2.619604455
36693,3.650463536
28386,3.062063017
53354,3.821771781
5677,3.724131906
10734,6.935170804
49118,4.171007516
69446,2.48792559
5948,1.912217099
61545,3.037137751
28937,3.485547991
22134,3.033908646
66377,2.435008446
66127,3.110693844
17776,1.841155076
82422,4.621521149
46925,2.607531156
67093,3.250329581
44521,2.846776291
28356,3.405663698
83012,1.995091422
86908,1.723940982
88588,3.334143299
61185,3.391740304
77693,4.473009893
101803,1.939272694
7968,3.85755798
57247,4.082204869
63061,2.734462634
41337,2.060379171
18687,3.166134437
603,2.945086786
77463,3.655747664
44641,3.048916018
64386,2.441901014
30482,3.999030864
47879,2.882654469
78787,1.420049016
85935,3.449460544
57567,2.620782853
69792,2.5818853
89509,2.810469694
4654,2.943881089
42217,2.40405456
6302,3.426611192
75670,2.454965061
38388,2.482111809
70938,7.576952476
4614,3.596455353
8576,3.981464037
99481,3.638490983
11095,3.360026375
97982,2.141006222
31199,3.112972954
23452,2.201023201
22952,3.140140426
5185,3.062918403
34770,4.296659618
15858,5.755975701
29270,4.286019072
6419,3.474994934
83174,3.640361332
98996,2.764404614
6815,2.222647237
4782,3.276772852
23745,3.596015034
15343,3.434347189
11699,4.781408666
4896,1.854421871
98076,3.06672422
100539,7.199219573
19422,3.596418591
67512,2.78039698
77420,4.020852671
43650,3.419992843
9178,2.28412856
72267,3.365465467
22406,3.843652721
23872,2.572201954
57517,4.442305717
58370,2.888916324
83851,3.678852546
83808,2.746056344
20807,2.249816
13344,3.076657643
7461,4.050967855
78941,4.018365993
82679,3.051792578
33508,2.839573443
4430,3.669010177
34161,4.593706501
50008,2.944431992
43220,4.324796072
5762,3.596454532
99953,3.391541182
78606,4.811973817
4673,1.70021263
69914,1.807384345
18481,2.892214356
89796,2.698195118
19715,3.602070858
19884,2.041714902
81635,3.997208448
72573,3.503412153
87954,2.692335125
59636,3.6833187
70911,2.703567532
95384,3.442158932
87002,3.805809679
61282,7.118183337
64990,3.954868209
25735,2.200056208
3766,3.651983357
71949,3.271130944
43741,2.531794359
96343,3.568328465
33847,6.378352986
30343,2.543752153
187,3.145490244
93178,1.714600181
38413,2.385871501
91314,3.109683641
90121,2.835998368
57641,3.277326112
26069,4.447512598
72362,4.800978801
19230,3.129893383
50605,2.676721529
42715,3.856304639
8709,3.70784524
39819,2.795816283
77949,3.061547674
63270,3.138698585
100397,2.135125467
55085,2.164308712
8892,2.832884206
90830,2.53494616
18469,2.715311772
21935,2.603711195
99131,3.733769334
85515,4.040954345
12336,4.861225382
91790,2.35353618
50047,3.235768751
89875,3.754203309
43437,2.918761879
48419,3.13419788
32650,3.281141974
13492,3.270800763
28808,6.084049084
90239,2.897205531
18563,2.368974731
96632,4.015418602
101992,4.410471709
33731,2.363625527
15778,2.432407243
66145,7.326245213
22920,2.674300248
39929,3.014836982
8931,2.996561179
34513,2.313851415
3545,4.183013438
77961,2.695523741
574,2.382064376
94474,4.398013961
76648,2.928245032
74696,2.700793906
87165,2.300432568
46110,3.222623348
17552,1.963261043
23904,4.366571686
9760,3.622446396
94459,4.587787173
40022,4.243297324
43825,2.497672563
4090,3.342614892
68952,3.574504122
51671,3.699501025
77133,3.491744891
59333,3.568725961
72046,2.969104069
41326,3.350380131
91870,1.672438828
94846,2.842833642
32686,3.308018601
14036,2.91416903
92694,3.926513482
82992,2.683405101
55404,2.632577916
25500,2.589900614
53880,1.940904597
61371,2.432750289
31187,1.994280206
48996,3.578493343
63263,2.781127799
82484,4.902250346
14808,4.263577392
34826,2.777618855
63935,4.034916019
48470,3.17637644
58148,3.183512614
55668,3.019888963
82287,3.107805689
92512,3.880170363
74020,7.228465542
37399,3.030836304
62945,3.550926449
22591,3.112125244
50270,2.425760473
1034,3.556826251
72514,2.42677848
42765,2.559385926
20303,3.396815327
12716,3.802413571
62397,3.493206175
86907,3.375606568
90069,3.107708958
18673,4.634406396
8649,4.756728327
12824,3.670778277
30729,3.076573747
32256,4.177817034
88017,3.033689406
24375,3.159260461
42639,2.32422855
70382,4.39934014
24656,3.009203066
6172,3.424481261
71957,2.998380126
35169,3.349148489
32666,2.97458529
5477,4.329080956
98107,3.330274974
57907,3.957412842
24103,3.084966597
18744,5.71343038
92480,3.030759301
43197,2.784566764
101198,3.073012376
93707,2.370276173
6695,3.05653295
88569,2.760099532
57053,2.722779898
83212,2.952471506
42578,3.798584868
48368,3.65400661
87938,3.20310501
61940,2.712756051
29621,3.849425343
93111,2.790858417
58441,2.358317738
40980,3.078812623
20475,2.417334193
97492,3.816156961
44896,3.994435311
25867,3.386591095
81515,4.012597704
56657,1.801966699
80795,3.654139104
35513,3.15826047
5996,2.445662533
18035,4.533749392
3731,3.447784258
44947,3.372176444
13495,2.720076908
44036,1.549202013
34551,3.237256744
98909,3.721487404
66539,4.38146691
91209,3.824444887
95758,3.962472413
96807,2.900930066
46000,2.420931195
100342,3.627538383
27712,2.103612447
71035,3.073354483
44469,4.091119162
80089,2.805848249
26289,3.256900843
11382,3.009760399
60434,3.848102379
96154,3.332308612
33738,2.967766839
70681,2.48443355
73556,4.032188441
13959,2.706304841
